Titre,Prix,Lien
Skoda Kamiq 2026 GT,525 مليون,https://www.ouedkniss.com/%D8%B3%D9%8A%D8%A7%D8%B1%D8%A7%D8%AA-skoda-kamiq-2026-gt-%D8%A7%D9%84%D9%85%D9%8A%D9%84%D9%8A%D8%A9-%D8%AC%D9%8A%D8%AC%D9%84-%D8%A7%D9%84%D8%AC%D8%B2%D8%A7%D8%A6%D8%B1-d55346410
Volkswagen Golf 8 2026,Prix non affiché,https://www.ouedkniss.com/%D8%B3%D9%8A%D8%A7%D8%B1%D8%A7%D8%AA-volkswagen-golf-8-2026-%D8%B0%D8%B1%D8%A7%D8%B9-%D8%A8%D9%86-%D8%AE%D8%AF%D8%A9-%D8%AA%D9%8A%D8%B2%D9%8A-%D9%88%D8%B2%D9%88-%D8%A7%D9%84%D8%AC%D8%B2%D8%A7%D8%A6%D8%B1-d56501036
Geely Coolray 2026 Full Options,510 مليون,https://www.ouedkniss.com/%D8%B3%D9%8A%D8%A7%D8%B1%D8%A7%D8%AA-geely-coolray-2026-full-options-%D8%B4%D8%B1%D8%A7%D9%82%D8%A9-%D8%A7%D9%84%D8%AC%D8%B2%D8%A7%D8%A6%D8%B1-d56648600
Skoda Superb 2021 Sportline,Prix non affiché,https://www.ouedkniss.com/%D8%B3%D9%8A%D8%A7%D8%B1%D8%A7%D8%AA-skoda-superb-2021-sportline-%D8%B3%D8%B7%D9%8A%D9%81-%D8%A7%D9%84%D8%AC%D8%B2%D8%A7%D8%A6%D8%B1-d56607491
Renault Taliant 2025,415 مليون,https://www.ouedkniss.com/%D8%B3%D9%8A%D8%A7%D8%B1%D8%A7%D8%AA-renault-taliant-2025-%D8%B4%D8%B1%D8%A7%D9%82%D8%A9-%D8%A7%D9%84%D8%AC%D8%B2%D8%A7%D8%A6%D8%B1-d56732939
Volkswagen Tharu XR 2025 Enjoy Edition,Prix non affiché,https://www.ouedkniss.com/%D8%B3%D9%8A%D8%A7%D8%B1%D8%A7%D8%AA-volkswagen-tharu-xr-2025-enjoy-edition-%D8%A8%D8%B1%D8%AC-%D8%A8%D9%88%D8%B9%D8%B1%D9%8A%D8%B1%D9%8A%D8%AC-%D8%A7%D9%84%D8%AC%D8%B2%D8%A7%D8%A6%D8%B1-d56688464
Geely Coolray 2026 Battle,Prix non affiché,https://www.ouedkniss.com/%D8%B3%D9%8A%D8%A7%D8%B1%D8%A7%D8%AA-geely-coolray-2026-battle-%D8%A7%D9%84%D8%A8%D9%84%D9%8A%D8%AF%D8%A9-%D8%A7%D9%84%D8%AC%D8%B2%D8%A7%D8%A6%D8%B1-d56755394
DAEMO Benne Preneuse DMCB 800,Prix non affiché,https://www.ouedkniss.com/%D8%A2%D9%84%D8%A9-daemo-benne-preneuse-dmcb-800-%D8%A8%D8%A6%D8%B1-%D8%AA%D9%88%D8%AA%D8%A9-%D8%A7%D9%84%D8%AC%D8%B2%D8%A7%D8%A6%D8%B1-d39315789
Kia KX1 2026 Full Options,Prix non affiché,https://www.ouedkniss.com/%D8%B3%D9%8A%D8%A7%D8%B1%D8%A7%D8%AA-kia-kx1-2026-full-options-%D8%B4%D8%B1%D8%A7%D9%82%D8%A9-%D8%A7%D9%84%D8%AC%D8%B2%D8%A7%D8%A6%D8%B1-d56688920
Skoda Superb 2021 Sportline,Prix non affiché,https://www.ouedkniss.com/%D8%B3%D9%8A%D8%A7%D8%B1%D8%A7%D8%AA-skoda-superb-2021-sportline-%D8%B3%D8%B7%D9%8A%D9%81-%D8%A7%D9%84%D8%AC%D8%B2%D8%A7%D8%A6%D8%B1-d56607491
Geely Coolray 2026 Battle,Prix non affiché,https://www.ouedkniss.com/%D8%B3%D9%8A%D8%A7%D8%B1%D8%A7%D8%AA-geely-coolray-2026-battle-%D8%A8%D8%A7%D8%A8-%D8%A7%D9%84%D8%B2%D9%88%D8%A7%D8%B1-%D8%A7%D9%84%D8%AC%D8%B2%D8%A7%D8%A6%D8%B1-d55591984
Dongfeng Fengshen 2025 Gs,470 مليون,https://www.ouedkniss.com/%D8%B3%D9%8A%D8%A7%D8%B1%D8%A7%D8%AA-dongfeng-fengshen-2025-gs-%D9%88%D9%87%D8%B1%D8%A7%D9%86-%D8%A7%D9%84%D8%AC%D8%B2%D8%A7%D8%A6%D8%B1-d56783789
Skoda Kamiq 2025 Gt,515 مليون,https://www.ouedkniss.com/%D8%B3%D9%8A%D8%A7%D8%B1%D8%A7%D8%AA-skoda-kamiq-2025-gt-%D8%AF%D8%B1%D8%A7%D8%B1%D9%8A%D8%A9-%D8%A7%D9%84%D8%AC%D8%B2%D8%A7%D8%A6%D8%B1-d55324873
Geely Coolray 2026 Battle,Prix non affiché,https://www.ouedkniss.com/%D8%B3%D9%8A%D8%A7%D8%B1%D8%A7%D8%AA-geely-coolray-2026-battle-%D8%A7%D9%84%D9%83%D8%A7%D9%84%D9%8A%D8%AA%D9%88%D8%B3-%D8%A7%D9%84%D8%AC%D8%B2%D8%A7%D8%A6%D8%B1-d56813936
Geely Coolray 2026 TOP VERSION FULL OPTION,Prix non affiché,https://www.ouedkniss.com/%D8%B3%D9%8A%D8%A7%D8%B1%D8%A7%D8%AA-geely-coolray-2026-top-version-full-option-%D8%B4%D8%B1%D8%A7%D9%82%D8%A9-%D8%A7%D9%84%D8%AC%D8%B2%D8%A7%D8%A6%D8%B1-d53417888
Geely Coolray 2026 Full Options,1 مليون,https://www.ouedkniss.com/%D8%B3%D9%8A%D8%A7%D8%B1%D8%A7%D8%AA-geely-coolray-2026-full-options-%D9%82%D8%B3%D9%86%D8%B7%D9%8A%D9%86%D8%A9-%D8%A7%D9%84%D8%AC%D8%B2%D8%A7%D8%A6%D8%B1-d56745269
Skoda Superb 2021 Sportline,Prix non affiché,https://www.ouedkniss.com/%D8%B3%D9%8A%D8%A7%D8%B1%D8%A7%D8%AA-skoda-superb-2021-sportline-%D8%B3%D8%B7%D9%8A%D9%81-%D8%A7%D9%84%D8%AC%D8%B2%D8%A7%D8%A6%D8%B1-d56607491
BMW Gs F750 2019,240 مليون,https://www.ouedkniss.com/%D8%AF%D8%B1%D8%A7%D8%AC%D8%A7%D8%AA-%D9%86%D8%A7%D8%B1%D9%8A%D8%A9-%D9%88%D8%B3%D9%83%D9%88%D8%AA%D8%B1%D8%A7%D8%AA-bmw-gs-f750-2019-%D8%A7%D9%84%D8%B9%D8%A7%D8%B4%D9%88%D8%B1-%D8%A7%D9%84%D8%AC%D8%B2%D8%A7%D8%A6%D8%B1-d56357500
Geely Coolray 2026,515 مليون,https://www.ouedkniss.com/%D8%B3%D9%8A%D8%A7%D8%B1%D8%A7%D8%AA-geely-coolray-2026-%D8%B3%D8%B7%D9%8A%D9%81-%D8%A7%D9%84%D8%AC%D8%B2%D8%A7%D8%A6%D8%B1-d56556371
Skoda Kamiq 2025 GT,Prix non affiché,https://www.ouedkniss.com/%D8%B3%D9%8A%D8%A7%D8%B1%D8%A7%D8%AA-skoda-kamiq-2025-gt-%D8%B4%D8%B1%D8%A7%D9%82%D8%A9-%D8%A7%D9%84%D8%AC%D8%B2%D8%A7%D8%A6%D8%B1-d56411686
Volkswagen Multivane 2026 Édition,Prix non affiché,https://www.ouedkniss.com/%D8%B3%D9%8A%D8%A7%D8%B1%D8%A7%D8%AA-volkswagen-multivane-2026-edition-%D8%B0%D8%B1%D8%A7%D8%B9-%D8%A8%D9%86-%D8%AE%D8%AF%D8%A9-%D8%AA%D9%8A%D8%B2%D9%8A-%D9%88%D8%B2%D9%88-%D8%A7%D9%84%D8%AC%D8%B2%D8%A7%D8%A6%D8%B1-d55677523
Livan X3 Pro 2026 Automatique (Avec Toi Ouvrant ),365 مليون,https://www.ouedkniss.com/%D8%B3%D9%8A%D8%A7%D8%B1%D8%A7%D8%AA-livan-x3-pro-2026-automatique-avec-toi-ouvrant-%D8%A7%D9%84%D8%A8%D9%84%D9%8A%D8%AF%D8%A9-%D8%A7%D9%84%D8%AC%D8%B2%D8%A7%D8%A6%D8%B1-d56707286
Kaiyi X3 Pro 2026 Luxury,382 مليون,https://www.ouedkniss.com/%D8%B3%D9%8A%D8%A7%D8%B1%D8%A7%D8%AA-kaiyi-x3-pro-2026-luxury-%D8%B3%D8%B7%D9%8A%D9%81-%D8%A7%D9%84%D8%AC%D8%B2%D8%A7%D8%A6%D8%B1-d55319959
Kia X-Ceed 2022,410 مليون,https://www.ouedkniss.com/%D8%B3%D9%8A%D8%A7%D8%B1%D8%A7%D8%AA-kia-x-ceed-2022-%D8%A8%D8%A6%D8%B1-%D8%A7%D9%84%D8%AC%D9%8A%D8%B1-%D9%88%D9%87%D8%B1%D8%A7%D9%86-%D8%A7%D9%84%D8%AC%D8%B2%D8%A7%D8%A6%D8%B1-d56737418
Geely Coolray 2026 Full Option,510 مليون,https://www.ouedkniss.com/%D8%B3%D9%8A%D8%A7%D8%B1%D8%A7%D8%AA-geely-coolray-2026-full-option-%D8%A8%D8%B1%D8%AC-%D8%A8%D9%88%D8%B9%D8%B1%D9%8A%D8%B1%D9%8A%D8%AC-%D8%A7%D9%84%D8%AC%D8%B2%D8%A7%D8%A6%D8%B1-d50834698
Roewe I5 Automatique 2026 Top Version (Boite Auto/ Toit Ouvrant),289 مليون,https://www.ouedkniss.com/%D8%B3%D9%8A%D8%A7%D8%B1%D8%A7%D8%AA-roewe-i5-automatique-2026-top-version-boite-auto-toit-ouvrant-%D8%B4%D8%B1%D8%A7%D9%82%D8%A9-%D8%A7%D9%84%D8%AC%D8%B2%D8%A7%D8%A6%D8%B1-d55793998
MG MG5 2026 MG Global Luxury Edition,Prix non affiché,https://www.ouedkniss.com/%D8%B3%D9%8A%D8%A7%D8%B1%D8%A7%D8%AA-mg-mg5-2026-global-luxury-edition-%D8%B4%D8%B1%D8%A7%D9%82%D8%A9-%D8%A7%D9%84%D8%AC%D8%B2%D8%A7%D8%A6%D8%B1-d56801180
Geely Coolray 2026 Full Options,510 مليون,https://www.ouedkniss.com/%D8%B3%D9%8A%D8%A7%D8%B1%D8%A7%D8%AA-geely-coolray-2026-full-options-%D8%B4%D8%B1%D8%A7%D9%82%D8%A9-%D8%A7%D9%84%D8%AC%D8%B2%D8%A7%D8%A6%D8%B1-d56648600
Jetour Dashing 2026 Luxury,1 مليون,https://www.ouedkniss.com/%D8%B3%D9%8A%D8%A7%D8%B1%D8%A7%D8%AA-jetour-dashing-2026-luxury-%D8%A7%D9%84%D8%B9%D9%84%D9%85%D8%A9-%D8%B3%D8%B7%D9%8A%D9%81-%D8%A7%D9%84%D8%AC%D8%B2%D8%A7%D8%A6%D8%B1-d56846516
Volkswagen Golf 8 2025 R- Line,Prix non affiché,https://www.ouedkniss.com/%D8%B3%D9%8A%D8%A7%D8%B1%D8%A7%D8%AA-volkswagen-golf-8-2025-r-line-%D8%A8%D8%A7%D8%B4-%D8%AC%D8%B1%D8%A7%D8%AD-%D8%A7%D9%84%D8%AC%D8%B2%D8%A7%D8%A6%D8%B1-d56380774
Toyota TUNDRA 2025 TRD PRO 00 Km,Prix non affiché,https://www.ouedkniss.com/%D8%A7%D9%84%D8%B3%D9%8A%D8%A7%D8%B1%D8%A7%D8%AA-%D8%A7%D9%84%D9%86%D9%81%D8%B9%D9%8A%D8%A9-toyota-tundra-2025-trd-pro-00-km-%D8%AD%D9%8A%D8%AF%D8%B1%D8%A9-%D8%A7%D9%84%D8%AC%D8%B2%D8%A7%D8%A6%D8%B1-d54148010
Toyota Urbain Cruiser 2026 GLX,Prix non affiché,https://www.ouedkniss.com/%D8%B3%D9%8A%D8%A7%D8%B1%D8%A7%D8%AA-toyota-urbain-cruiser-2026-glx-%D8%B0%D8%B1%D8%A7%D8%B9-%D8%A8%D9%86-%D8%AE%D8%AF%D8%A9-%D8%AA%D9%8A%D8%B2%D9%8A-%D9%88%D8%B2%D9%88-%D8%A7%D9%84%D8%AC%D8%B2%D8%A7%D8%A6%D8%B1-d55453705
MG MG5 2026 MG Global Luxury Edition,Prix non affiché,https://www.ouedkniss.com/%D8%B3%D9%8A%D8%A7%D8%B1%D8%A7%D8%AA-mg-mg5-2026-global-luxury-edition-%D8%B4%D8%B1%D8%A7%D9%82%D8%A9-%D8%A7%D9%84%D8%AC%D8%B2%D8%A7%D8%A6%D8%B1-d56801180
Ford Focus 4 Portes 2012 Trend Sport,Prix non affiché,https://www.ouedkniss.com/%D8%B3%D9%8A%D8%A7%D8%B1%D8%A7%D8%AA-ford-focus-4-portes-2012-trend-sport-%D8%A3%D9%88%D9%84%D8%A7%D8%AF-%D9%85%D9%88%D8%B3%D9%89-%D8%A8%D9%88%D9%85%D8%B1%D8%AF%D8%A7%D8%B3-%D8%A7%D9%84%D8%AC%D8%B2%D8%A7%D8%A6%D8%B1-d56813183
HIDROMEK Pelle À Hydraulique Chenille 310 LC,Prix non affiché,https://www.ouedkniss.com/%D8%A2%D9%84%D8%A9-hidromek-pelle-a-hydraulique-chenille-310-lc-%D8%A8%D8%A6%D8%B1-%D8%AA%D9%88%D8%AA%D8%A9-%D8%A7%D9%84%D8%AC%D8%B2%D8%A7%D8%A6%D8%B1-d39424543
Geely Coolray 2026 TOP VERSION FULL OPTION,Prix non affiché,https://www.ouedkniss.com/%D8%B3%D9%8A%D8%A7%D8%B1%D8%A7%D8%AA-geely-coolray-2026-top-version-full-option-%D8%B4%D8%B1%D8%A7%D9%82%D8%A9-%D8%A7%D9%84%D8%AC%D8%B2%D8%A7%D8%A6%D8%B1-d53417888
HIDROMEK Pelle À Hydraulique Chenille 310 LC,Prix non affiché,https://www.ouedkniss.com/%D8%A2%D9%84%D8%A9-hidromek-pelle-a-hydraulique-chenille-310-lc-%D8%A8%D8%A6%D8%B1-%D8%AA%D9%88%D8%AA%D8%A9-%D8%A7%D9%84%D8%AC%D8%B2%D8%A7%D8%A6%D8%B1-d39424543
Volkswagen Tharu XR 2026,555 مليون,https://www.ouedkniss.com/%D8%B3%D9%8A%D8%A7%D8%B1%D8%A7%D8%AA-volkswagen-tharu-xr-2026-%D8%A7%D9%84%D9%82%D9%84%D9%8A%D8%B9%D8%A9-%D8%AA%D9%8A%D8%A8%D8%A7%D8%B2%D8%A9-%D8%A7%D9%84%D8%AC%D8%B2%D8%A7%D8%A6%D8%B1-d55986412
Volkswagen Tharu XR 2026 XR,Prix non affiché,https://www.ouedkniss.com/%D8%B3%D9%8A%D8%A7%D8%B1%D8%A7%D8%AA-volkswagen-tharu-xr-2026-%D8%B4%D8%B1%D8%A7%D9%82%D8%A9-%D8%A7%D9%84%D8%AC%D8%B2%D8%A7%D8%A6%D8%B1-d56688434
Geely Coolray 2026 Battle,Prix non affiché,https://www.ouedkniss.com/%D8%B3%D9%8A%D8%A7%D8%B1%D8%A7%D8%AA-geely-coolray-2026-battle-%D8%A7%D9%84%D9%83%D8%A7%D9%84%D9%8A%D8%AA%D9%88%D8%B3-%D8%A7%D9%84%D8%AC%D8%B2%D8%A7%D8%A6%D8%B1-d56813936
Ford Focus 4 Portes 2012 Trend Sport,Prix non affiché,https://www.ouedkniss.com/%D8%B3%D9%8A%D8%A7%D8%B1%D8%A7%D8%AA-ford-focus-4-portes-2012-trend-sport-%D8%A3%D9%88%D9%84%D8%A7%D8%AF-%D9%85%D9%88%D8%B3%D9%89-%D8%A8%D9%88%D9%85%D8%B1%D8%AF%D8%A7%D8%B3-%D8%A7%D9%84%D8%AC%D8%B2%D8%A7%D8%A6%D8%B1-d56813183
Fiat 500 2023 Dolcevita Plus,1 مليون,https://www.ouedkniss.com/%D8%B3%D9%8A%D8%A7%D8%B1%D8%A7%D8%AA-fiat-500-2023-dolcevita-plus-%D8%A7%D9%84%D8%B1%D8%BA%D8%A7%D9%8A%D8%A9-%D8%A7%D9%84%D8%AC%D8%B2%D8%A7%D8%A6%D8%B1-d56499665
HIDROMEK Retro Chargeur,Prix non affiché,https://www.ouedkniss.com/%D8%A2%D9%84%D8%A9-hidromek-retro-chargeur-%D8%A8%D8%A6%D8%B1-%D8%AA%D9%88%D8%AA%D8%A9-%D8%A7%D9%84%D8%AC%D8%B2%D8%A7%D8%A6%D8%B1-d39315151
Geely Coolray 2026,515 مليون,https://www.ouedkniss.com/%D8%B3%D9%8A%D8%A7%D8%B1%D8%A7%D8%AA-geely-coolray-2026-%D8%B3%D8%B7%D9%8A%D9%81-%D8%A7%D9%84%D8%AC%D8%B2%D8%A7%D8%A6%D8%B1-d56556371
Livan X3 Pro 2026 Automatique (Avec Toi Ouvrant ),365 مليون,https://www.ouedkniss.com/%D8%B3%D9%8A%D8%A7%D8%B1%D8%A7%D8%AA-livan-x3-pro-2026-automatique-avec-toi-ouvrant-%D8%A7%D9%84%D8%A8%D9%84%D9%8A%D8%AF%D8%A9-%D8%A7%D9%84%D8%AC%D8%B2%D8%A7%D8%A6%D8%B1-d56707286
Volkswagen Multivane 2026 Édition,Prix non affiché,https://www.ouedkniss.com/%D8%B3%D9%8A%D8%A7%D8%B1%D8%A7%D8%AA-volkswagen-multivane-2026-edition-%D8%B0%D8%B1%D8%A7%D8%B9-%D8%A8%D9%86-%D8%AE%D8%AF%D8%A9-%D8%AA%D9%8A%D8%B2%D9%8A-%D9%88%D8%B2%D9%88-%D8%A7%D9%84%D8%AC%D8%B2%D8%A7%D8%A6%D8%B1-d55677523
Geely Starray 2026 Full Options,710 مليون,https://www.ouedkniss.com/%D8%B3%D9%8A%D8%A7%D8%B1%D8%A7%D8%AA-geely-starray-2026-full-options-%D8%A8%D8%A7%D8%A8-%D8%A7%D9%84%D8%B2%D9%88%D8%A7%D8%B1-%D8%A7%D9%84%D8%AC%D8%B2%D8%A7%D8%A6%D8%B1-d56697260
Volkswagen Tharu XR 2026,555 مليون,https://www.ouedkniss.com/%D8%B3%D9%8A%D8%A7%D8%B1%D8%A7%D8%AA-volkswagen-tharu-xr-2026-%D8%A7%D9%84%D9%82%D9%84%D9%8A%D8%B9%D8%A9-%D8%AA%D9%8A%D8%A8%D8%A7%D8%B2%D8%A9-%D8%A7%D9%84%D8%AC%D8%B2%D8%A7%D8%A6%D8%B1-d55986412
Fiat Tipo Sedan 2026 Life,Prix non affiché,https://www.ouedkniss.com/%D8%B3%D9%8A%D8%A7%D8%B1%D8%A7%D8%AA-fiat-tipo-sedan-2026-life-%D8%B0%D8%B1%D8%A7%D8%B9-%D8%A8%D9%86-%D8%AE%D8%AF%D8%A9-%D8%AA%D9%8A%D8%B2%D9%8A-%D9%88%D8%B2%D9%88-%D8%A7%D9%84%D8%AC%D8%B2%D8%A7%D8%A6%D8%B1-d55452523
Skoda Superb 2021 Sportline,Prix non affiché,https://www.ouedkniss.com/%D8%B3%D9%8A%D8%A7%D8%B1%D8%A7%D8%AA-skoda-superb-2021-sportline-%D8%B3%D8%B7%D9%8A%D9%81-%D8%A7%D9%84%D8%AC%D8%B2%D8%A7%D8%A6%D8%B1-d56607491
Skoda Kamiq 2025 GT,Prix non affiché,https://www.ouedkniss.com/%D8%B3%D9%8A%D8%A7%D8%B1%D8%A7%D8%AA-skoda-kamiq-2025-gt-%D8%B4%D8%B1%D8%A7%D9%82%D8%A9-%D8%A7%D9%84%D8%AC%D8%B2%D8%A7%D8%A6%D8%B1-d56411686
Volkswagen T-Roc 2026 R-Line,Prix non affiché,https://www.ouedkniss.com/%D8%B3%D9%8A%D8%A7%D8%B1%D8%A7%D8%AA-volkswagen-t-roc-2026-r-line-%D8%B4%D8%B1%D8%A7%D9%82%D8%A9-%D8%A7%D9%84%D8%AC%D8%B2%D8%A7%D8%A6%D8%B1-d56213497
Volkswagen Golf 8 2026,Prix non affiché,https://www.ouedkniss.com/%D8%B3%D9%8A%D8%A7%D8%B1%D8%A7%D8%AA-volkswagen-golf-8-2026-%D8%B0%D8%B1%D8%A7%D8%B9-%D8%A8%D9%86-%D8%AE%D8%AF%D8%A9-%D8%AA%D9%8A%D8%B2%D9%8A-%D9%88%D8%B2%D9%88-%D8%A7%D9%84%D8%AC%D8%B2%D8%A7%D8%A6%D8%B1-d56501036
Volkswagen Tahru 2026 XR FULL BLACK TURBO,Prix non affiché,https://www.ouedkniss.com/%D8%B3%D9%8A%D8%A7%D8%B1%D8%A7%D8%AA-volkswagen-tahru-2026-xr-full-black-turbo-%D8%A8%D8%A7%D8%A8-%D8%A7%D9%84%D8%B2%D9%88%D8%A7%D8%B1-%D8%A7%D9%84%D8%AC%D8%B2%D8%A7%D8%A6%D8%B1-d54246377
Citroen Berlingo 2025,Prix non affiché,https://www.ouedkniss.com/%D8%B3%D9%8A%D8%A7%D8%B1%D8%A7%D8%AA-citroen-berlingo-2025-%D8%B0%D8%B1%D8%A7%D8%B9-%D8%A8%D9%86-%D8%AE%D8%AF%D8%A9-%D8%AA%D9%8A%D8%B2%D9%8A-%D9%88%D8%B2%D9%88-%D8%A7%D9%84%D8%AC%D8%B2%D8%A7%D8%A6%D8%B1-d54399746
Volkswagen Tharu XR 2026,555 مليون,https://www.ouedkniss.com/%D8%B3%D9%8A%D8%A7%D8%B1%D8%A7%D8%AA-volkswagen-tharu-xr-2026-%D8%A7%D9%84%D9%82%D9%84%D9%8A%D8%B9%D8%A9-%D8%AA%D9%8A%D8%A8%D8%A7%D8%B2%D8%A9-%D8%A7%D9%84%D8%AC%D8%B2%D8%A7%D8%A6%D8%B1-d55986412
Geely GX3 PRO 2026 International Avec Toit,363 مليون,https://www.ouedkniss.com/%D8%B3%D9%8A%D8%A7%D8%B1%D8%A7%D8%AA-geely-gx3-pro-2026-international-avec-toit-%D8%B9%D9%8A%D9%86-%D9%88%D8%B3%D8%A7%D8%B1%D8%A9-%D8%A8%D9%88%D8%BA%D8%B2%D9%88%D9%84-%D8%A7%D9%84%D8%AC%D9%84%D9%81%D8%A9-%D8%A7%D9%84%D8%AC%D8%B2%D8%A7%D8%A6%D8%B1-d56755703
Nissan Juke 2019 Acenta,390 مليون,https://www.ouedkniss.com/%D8%B3%D9%8A%D8%A7%D8%B1%D8%A7%D8%AA-nissan-juke-2019-acenta-%D8%AA%D8%A8%D8%B3%D8%A9-%D8%A7%D9%84%D8%AC%D8%B2%D8%A7%D8%A6%D8%B1-d55423360
DFSK K07S 2026,220 مليون,https://www.ouedkniss.com/%D8%A7%D9%84%D8%B3%D9%8A%D8%A7%D8%B1%D8%A7%D8%AA-%D8%A7%D9%84%D9%86%D9%81%D8%B9%D9%8A%D8%A9-dfsk-k07s-2026-%D8%A8%D9%88%D9%85%D8%B1%D8%AF%D8%A7%D8%B3-%D8%A7%D9%84%D8%AC%D8%B2%D8%A7%D8%A6%D8%B1-d51119092
MG MG5 2026,352 مليون,https://www.ouedkniss.com/%D8%B3%D9%8A%D8%A7%D8%B1%D8%A7%D8%AA-mg-mg5-2026-%D8%B3%D8%B7%D9%8A%D9%81-%D8%A7%D9%84%D8%AC%D8%B2%D8%A7%D8%A6%D8%B1-d54153086
Fiat 500 2023 Dolcevita Plus,1 مليون,https://www.ouedkniss.com/%D8%B3%D9%8A%D8%A7%D8%B1%D8%A7%D8%AA-fiat-500-2023-dolcevita-plus-%D8%A7%D9%84%D8%B1%D8%BA%D8%A7%D9%8A%D8%A9-%D8%A7%D9%84%D8%AC%D8%B2%D8%A7%D8%A6%D8%B1-d56499665
Jetour Dashing 2026 Luxury,1 مليون,https://www.ouedkniss.com/%D8%B3%D9%8A%D8%A7%D8%B1%D8%A7%D8%AA-jetour-dashing-2026-luxury-%D8%A7%D9%84%D8%B9%D9%84%D9%85%D8%A9-%D8%B3%D8%B7%D9%8A%D9%81-%D8%A7%D9%84%D8%AC%D8%B2%D8%A7%D8%A6%D8%B1-d56846516
Geely Coolray 2026 Full Opsyon,Prix non affiché,https://www.ouedkniss.com/%D8%B3%D9%8A%D8%A7%D8%B1%D8%A7%D8%AA-geely-coolray-2026-full-opsyon-%D8%B4%D8%B1%D8%A7%D9%82%D8%A9-%D8%A7%D9%84%D8%AC%D8%B2%D8%A7%D8%A6%D8%B1-d56817368
Geely Coolray 2026 Battle,523 مليون,https://www.ouedkniss.com/%D8%B3%D9%8A%D8%A7%D8%B1%D8%A7%D8%AA-geely-coolray-2026-battle-%D8%A8%D8%A7%D8%AA%D9%86%D8%A9-%D8%A7%D9%84%D8%AC%D8%B2%D8%A7%D8%A6%D8%B1-d56770640
Volkswagen Golf 8 2025 R- Line,Prix non affiché,https://www.ouedkniss.com/%D8%B3%D9%8A%D8%A7%D8%B1%D8%A7%D8%AA-volkswagen-golf-8-2025-r-line-%D8%A8%D8%A7%D8%B4-%D8%AC%D8%B1%D8%A7%D8%AD-%D8%A7%D9%84%D8%AC%D8%B2%D8%A7%D8%A6%D8%B1-d56380774
Citroen Berlingo 2025,Prix non affiché,https://www.ouedkniss.com/%D8%B3%D9%8A%D8%A7%D8%B1%D8%A7%D8%AA-citroen-berlingo-2025-%D8%B0%D8%B1%D8%A7%D8%B9-%D8%A8%D9%86-%D8%AE%D8%AF%D8%A9-%D8%AA%D9%8A%D8%B2%D9%8A-%D9%88%D8%B2%D9%88-%D8%A7%D9%84%D8%AC%D8%B2%D8%A7%D8%A6%D8%B1-d54399746
Geely Coolray 2026,515 مليون,https://www.ouedkniss.com/%D8%B3%D9%8A%D8%A7%D8%B1%D8%A7%D8%AA-geely-coolray-2026-%D8%B3%D8%B7%D9%8A%D9%81-%D8%A7%D9%84%D8%AC%D8%B2%D8%A7%D8%A6%D8%B1-d56556371
Geely Starray 2026 Full Options,710 مليون,https://www.ouedkniss.com/%D8%B3%D9%8A%D8%A7%D8%B1%D8%A7%D8%AA-geely-starray-2026-full-options-%D8%A8%D8%A7%D8%A8-%D8%A7%D9%84%D8%B2%D9%88%D8%A7%D8%B1-%D8%A7%D9%84%D8%AC%D8%B2%D8%A7%D8%A6%D8%B1-d56697260
MG MG5 2026,352 مليون,https://www.ouedkniss.com/%D8%B3%D9%8A%D8%A7%D8%B1%D8%A7%D8%AA-mg-mg5-2026-%D8%B3%D8%B7%D9%8A%D9%81-%D8%A7%D9%84%D8%AC%D8%B2%D8%A7%D8%A6%D8%B1-d54153086
Volkswagen Tharu XR 2025 Enjoy Edition,Prix non affiché,https://www.ouedkniss.com/%D8%B3%D9%8A%D8%A7%D8%B1%D8%A7%D8%AA-volkswagen-tharu-xr-2025-enjoy-edition-%D8%A8%D8%B1%D8%AC-%D8%A8%D9%88%D8%B9%D8%B1%D9%8A%D8%B1%D9%8A%D8%AC-%D8%A7%D9%84%D8%AC%D8%B2%D8%A7%D8%A6%D8%B1-d56688464
Jetour Dashing 2026 Luxury,1 مليون,https://www.ouedkniss.com/%D8%B3%D9%8A%D8%A7%D8%B1%D8%A7%D8%AA-jetour-dashing-2026-luxury-%D8%A7%D9%84%D8%B9%D9%84%D9%85%D8%A9-%D8%B3%D8%B7%D9%8A%D9%81-%D8%A7%D9%84%D8%AC%D8%B2%D8%A7%D8%A6%D8%B1-d56846516
MG MG5 2026 MG Global Luxury Edition,Prix non affiché,https://www.ouedkniss.com/%D8%B3%D9%8A%D8%A7%D8%B1%D8%A7%D8%AA-mg-mg5-2026-global-luxury-edition-%D8%B4%D8%B1%D8%A7%D9%82%D8%A9-%D8%A7%D9%84%D8%AC%D8%B2%D8%A7%D8%A6%D8%B1-d56801180
Geely Coolray 2026 Full Opsyon,Prix non affiché,https://www.ouedkniss.com/%D8%B3%D9%8A%D8%A7%D8%B1%D8%A7%D8%AA-geely-coolray-2026-full-opsyon-%D8%B4%D8%B1%D8%A7%D9%82%D8%A9-%D8%A7%D9%84%D8%AC%D8%B2%D8%A7%D8%A6%D8%B1-d56817368
Skoda Superb 2021 Sportline,Prix non affiché,https://www.ouedkniss.com/%D8%B3%D9%8A%D8%A7%D8%B1%D8%A7%D8%AA-skoda-superb-2021-sportline-%D8%B3%D8%B7%D9%8A%D9%81-%D8%A7%D9%84%D8%AC%D8%B2%D8%A7%D8%A6%D8%B1-d56607491
DAEMO Benne Preneuse DMCB 800,Prix non affiché,https://www.ouedkniss.com/%D8%A2%D9%84%D8%A9-daemo-benne-preneuse-dmcb-800-%D8%A8%D8%A6%D8%B1-%D8%AA%D9%88%D8%AA%D8%A9-%D8%A7%D9%84%D8%AC%D8%B2%D8%A7%D8%A6%D8%B1-d39315789
MG5 GLOBAL LUXURY 2026,Prix non affiché,https://www.ouedkniss.com/%D8%B3%D9%8A%D8%A7%D8%B1%D8%A7%D8%AA-mg5-global-luxury-2026-%D8%B4%D8%B1%D8%A7%D9%82%D8%A9-%D8%A7%D9%84%D8%AC%D8%B2%D8%A7%D8%A6%D8%B1-d56623094
Volkswagen T-Roc 2026 R-Line,Prix non affiché,https://www.ouedkniss.com/%D8%B3%D9%8A%D8%A7%D8%B1%D8%A7%D8%AA-volkswagen-t-roc-2026-r-line-%D8%B0%D8%B1%D8%A7%D8%B9-%D8%A8%D9%86-%D8%AE%D8%AF%D8%A9-%D8%AA%D9%8A%D8%B2%D9%8A-%D9%88%D8%B2%D9%88-%D8%A7%D9%84%D8%AC%D8%B2%D8%A7%D8%A6%D8%B1-d56499833
Geely Coolray 2026 TOP VERSION FULL OPTION,Prix non affiché,https://www.ouedkniss.com/%D8%B3%D9%8A%D8%A7%D8%B1%D8%A7%D8%AA-geely-coolray-2026-top-version-full-option-%D8%B4%D8%B1%D8%A7%D9%82%D8%A9-%D8%A7%D9%84%D8%AC%D8%B2%D8%A7%D8%A6%D8%B1-d53417888
BMW Gs F750 2019,240 مليون,https://www.ouedkniss.com/%D8%AF%D8%B1%D8%A7%D8%AC%D8%A7%D8%AA-%D9%86%D8%A7%D8%B1%D9%8A%D8%A9-%D9%88%D8%B3%D9%83%D9%88%D8%AA%D8%B1%D8%A7%D8%AA-bmw-gs-f750-2019-%D8%A7%D9%84%D8%B9%D8%A7%D8%B4%D9%88%D8%B1-%D8%A7%D9%84%D8%AC%D8%B2%D8%A7%D8%A6%D8%B1-d56357500
Toyota Hilux 2026 TOYOTA HILUX DC DIESEL 2.4L 4x4 HI 6AT A,Prix non affiché,https://www.ouedkniss.com/%D8%A7%D9%84%D8%B3%D9%8A%D8%A7%D8%B1%D8%A7%D8%AA-%D8%A7%D9%84%D9%86%D9%81%D8%B9%D9%8A%D8%A9-toyota-hilux-2026-dc-diesel-24l-4x4-hi-6at-a-%D8%AD%D9%8A%D8%AF%D8%B1%D8%A9-%D8%A7%D9%84%D8%AC%D8%B2%D8%A7%D8%A6%D8%B1-d56802083
Kia Kx1 2026,295 مليون,https://www.ouedkniss.com/%D8%B3%D9%8A%D8%A7%D8%B1%D8%A7%D8%AA-kia-kx1-2026-%D8%B4%D8%B1%D8%A7%D9%82%D8%A9-%D8%A7%D9%84%D8%AC%D8%B2%D8%A7%D8%A6%D8%B1-d53607965
Geely Coolray 2026 Full Options,1 مليون,https://www.ouedkniss.com/%D8%B3%D9%8A%D8%A7%D8%B1%D8%A7%D8%AA-geely-coolray-2026-full-options-%D9%82%D8%B3%D9%86%D8%B7%D9%8A%D9%86%D8%A9-%D8%A7%D9%84%D8%AC%D8%B2%D8%A7%D8%A6%D8%B1-d56745269
Volkswagen Multivane 2026 Édition,Prix non affiché,https://www.ouedkniss.com/%D8%B3%D9%8A%D8%A7%D8%B1%D8%A7%D8%AA-volkswagen-multivane-2026-edition-%D8%B0%D8%B1%D8%A7%D8%B9-%D8%A8%D9%86-%D8%AE%D8%AF%D8%A9-%D8%AA%D9%8A%D8%B2%D9%8A-%D9%88%D8%B2%D9%88-%D8%A7%D9%84%D8%AC%D8%B2%D8%A7%D8%A6%D8%B1-d55677523
Geely Starray 2026 Full Options,710 مليون,https://www.ouedkniss.com/%D8%B3%D9%8A%D8%A7%D8%B1%D8%A7%D8%AA-geely-starray-2026-full-options-%D8%A8%D8%A7%D8%A8-%D8%A7%D9%84%D8%B2%D9%88%D8%A7%D8%B1-%D8%A7%D9%84%D8%AC%D8%B2%D8%A7%D8%A6%D8%B1-d56697260
DFSK K07S 2026,220 مليون,https://www.ouedkniss.com/%D8%A7%D9%84%D8%B3%D9%8A%D8%A7%D8%B1%D8%A7%D8%AA-%D8%A7%D9%84%D9%86%D9%81%D8%B9%D9%8A%D8%A9-dfsk-k07s-2026-%D8%A8%D9%88%D9%85%D8%B1%D8%AF%D8%A7%D8%B3-%D8%A7%D9%84%D8%AC%D8%B2%D8%A7%D8%A6%D8%B1-d51119092
Volkswagen Tahru 2026 XR FULL BLACK TURBO,Prix non affiché,https://www.ouedkniss.com/%D8%B3%D9%8A%D8%A7%D8%B1%D8%A7%D8%AA-volkswagen-tahru-2026-xr-full-black-turbo-%D8%A8%D8%A7%D8%A8-%D8%A7%D9%84%D8%B2%D9%88%D8%A7%D8%B1-%D8%A7%D9%84%D8%AC%D8%B2%D8%A7%D8%A6%D8%B1-d54246377
Volkswagen Golf 8 2026,Prix non affiché,https://www.ouedkniss.com/%D8%B3%D9%8A%D8%A7%D8%B1%D8%A7%D8%AA-volkswagen-golf-8-2026-%D8%B0%D8%B1%D8%A7%D8%B9-%D8%A8%D9%86-%D8%AE%D8%AF%D8%A9-%D8%AA%D9%8A%D8%B2%D9%8A-%D9%88%D8%B2%D9%88-%D8%A7%D9%84%D8%AC%D8%B2%D8%A7%D8%A6%D8%B1-d56501036
Citroen Berlingo 2026 XTR,Prix non affiché,https://www.ouedkniss.com/%D8%B3%D9%8A%D8%A7%D8%B1%D8%A7%D8%AA-citroen-berlingo-2026-xtr-%D8%B0%D8%B1%D8%A7%D8%B9-%D8%A8%D9%86-%D8%AE%D8%AF%D8%A9-%D8%AA%D9%8A%D8%B2%D9%8A-%D9%88%D8%B2%D9%88-%D8%A7%D9%84%D8%AC%D8%B2%D8%A7%D8%A6%D8%B1-d56560916
Skoda Kamiq 2025 GT,Prix non affiché,https://www.ouedkniss.com/%D8%B3%D9%8A%D8%A7%D8%B1%D8%A7%D8%AA-skoda-kamiq-2025-gt-%D8%B4%D8%B1%D8%A7%D9%82%D8%A9-%D8%A7%D9%84%D8%AC%D8%B2%D8%A7%D8%A6%D8%B1-d56411686
Volkswagen Lavida 2026 XR Full Options,478 مليون,https://www.ouedkniss.com/%D8%B3%D9%8A%D8%A7%D8%B1%D8%A7%D8%AA-volkswagen-lavida-2026-xr-full-options-%D8%AC%D9%8A%D8%AC%D9%84-%D8%A7%D9%84%D8%AC%D8%B2%D8%A7%D8%A6%D8%B1-d54911794
Geely Coolray 2026 Battle,Prix non affiché,https://www.ouedkniss.com/%D8%B3%D9%8A%D8%A7%D8%B1%D8%A7%D8%AA-geely-coolray-2026-battle-%D8%A7%D9%84%D8%A8%D9%84%D9%8A%D8%AF%D8%A9-%D8%A7%D9%84%D8%AC%D8%B2%D8%A7%D8%A6%D8%B1-d56755394
Geely Coolray 2026 Battle,Prix non affiché,https://www.ouedkniss.com/%D8%B3%D9%8A%D8%A7%D8%B1%D8%A7%D8%AA-geely-coolray-2026-battle-%D8%A7%D9%84%D8%A8%D9%84%D9%8A%D8%AF%D8%A9-%D8%A7%D9%84%D8%AC%D8%B2%D8%A7%D8%A6%D8%B1-d56755394
Livan X3 Pro 2026 Automatique (Avec Toi Ouvrant ),365 مليون,https://www.ouedkniss.com/%D8%B3%D9%8A%D8%A7%D8%B1%D8%A7%D8%AA-livan-x3-pro-2026-automatique-avec-toi-ouvrant-%D8%A7%D9%84%D8%A8%D9%84%D9%8A%D8%AF%D8%A9-%D8%A7%D9%84%D8%AC%D8%B2%D8%A7%D8%A6%D8%B1-d56707286
Volkswagen Golf 7 2015 GTD,480 مليون,https://www.ouedkniss.com/%D8%B3%D9%8A%D8%A7%D8%B1%D8%A7%D8%AA-volkswagen-golf-7-2015-gtd-%D8%AA%D9%84%D9%85%D8%B3%D8%A7%D9%86-%D8%A7%D9%84%D8%AC%D8%B2%D8%A7%D8%A6%D8%B1-d56529071
Ford Focus 4 Portes 2012 Trend Sport,Prix non affiché,https://www.ouedkniss.com/%D8%B3%D9%8A%D8%A7%D8%B1%D8%A7%D8%AA-ford-focus-4-portes-2012-trend-sport-%D8%A3%D9%88%D9%84%D8%A7%D8%AF-%D9%85%D9%88%D8%B3%D9%89-%D8%A8%D9%88%D9%85%D8%B1%D8%AF%D8%A7%D8%B3-%D8%A7%D9%84%D8%AC%D8%B2%D8%A7%D8%A6%D8%B1-d56813183
Kia Kx1 2026,295 مليون,https://www.ouedkniss.com/%D8%B3%D9%8A%D8%A7%D8%B1%D8%A7%D8%AA-kia-kx1-2026-%D8%B4%D8%B1%D8%A7%D9%82%D8%A9-%D8%A7%D9%84%D8%AC%D8%B2%D8%A7%D8%A6%D8%B1-d53607965
Skoda Superb 2021 Sportline,Prix non affiché,https://www.ouedkniss.com/%D8%B3%D9%8A%D8%A7%D8%B1%D8%A7%D8%AA-skoda-superb-2021-sportline-%D8%B3%D8%B7%D9%8A%D9%81-%D8%A7%D9%84%D8%AC%D8%B2%D8%A7%D8%A6%D8%B1-d56607491
HIDROMEK Pelle À Hydraulique Chenille 310 LC,Prix non affiché,https://www.ouedkniss.com/%D8%A2%D9%84%D8%A9-hidromek-pelle-a-hydraulique-chenille-310-lc-%D8%A8%D8%A6%D8%B1-%D8%AA%D9%88%D8%AA%D8%A9-%D8%A7%D9%84%D8%AC%D8%B2%D8%A7%D8%A6%D8%B1-d39424543
Skoda Superb 2021 Sportline,Prix non affiché,https://www.ouedkniss.com/%D8%B3%D9%8A%D8%A7%D8%B1%D8%A7%D8%AA-skoda-superb-2021-sportline-%D8%B3%D8%B7%D9%8A%D9%81-%D8%A7%D9%84%D8%AC%D8%B2%D8%A7%D8%A6%D8%B1-d56607491
Volkswagen Golf 8 2021 GTE,680 مليون,https://www.ouedkniss.com/%D8%B3%D9%8A%D8%A7%D8%B1%D8%A7%D8%AA-volkswagen-golf-8-2021-gte-%D8%B3%D8%B9%D9%8A%D8%AF%D8%A9-%D8%A7%D9%84%D8%AC%D8%B2%D8%A7%D8%A6%D8%B1-d56737664
Nissan Juke 2019 Acenta,390 مليون,https://www.ouedkniss.com/%D8%B3%D9%8A%D8%A7%D8%B1%D8%A7%D8%AA-nissan-juke-2019-acenta-%D8%AA%D8%A8%D8%B3%D8%A9-%D8%A7%D9%84%D8%AC%D8%B2%D8%A7%D8%A6%D8%B1-d55423360
MG5 GLOBAL LUXURY 2026,Prix non affiché,https://www.ouedkniss.com/%D8%B3%D9%8A%D8%A7%D8%B1%D8%A7%D8%AA-mg5-global-luxury-2026-%D8%B4%D8%B1%D8%A7%D9%82%D8%A9-%D8%A7%D9%84%D8%AC%D8%B2%D8%A7%D8%A6%D8%B1-d56623094
Geely Coolray 2026 Battle,Prix non affiché,https://www.ouedkniss.com/%D8%B3%D9%8A%D8%A7%D8%B1%D8%A7%D8%AA-geely-coolray-2026-battle-%D8%A8%D8%A7%D8%A8-%D8%A7%D9%84%D8%B2%D9%88%D8%A7%D8%B1-%D8%A7%D9%84%D8%AC%D8%B2%D8%A7%D8%A6%D8%B1-d55591984
Dongfeng Fengshen 2025 Gs,470 مليون,https://www.ouedkniss.com/%D8%B3%D9%8A%D8%A7%D8%B1%D8%A7%D8%AA-dongfeng-fengshen-2025-gs-%D9%88%D9%87%D8%B1%D8%A7%D9%86-%D8%A7%D9%84%D8%AC%D8%B2%D8%A7%D8%A6%D8%B1-d56783789
Jetta VS5 2026,Prix non affiché,https://www.ouedkniss.com/%D8%B3%D9%8A%D8%A7%D8%B1%D8%A7%D8%AA-jetta-vs5-2026-%D8%B4%D8%B1%D8%A7%D9%82%D8%A9-%D8%A7%D9%84%D8%AC%D8%B2%D8%A7%D8%A6%D8%B1-d56766056
Toyota Hilux 2026 GR,1 695 مليون,https://www.ouedkniss.com/%D8%B3%D9%8A%D8%A7%D8%B1%D8%A7%D8%AA-toyota-hilux-2026-gr-%D8%B3%D8%B7%D9%8A%D9%81-%D8%A7%D9%84%D8%AC%D8%B2%D8%A7%D8%A6%D8%B1-d56679665
Skoda Kamiq 2025 GT,Prix non affiché,https://www.ouedkniss.com/%D8%B3%D9%8A%D8%A7%D8%B1%D8%A7%D8%AA-skoda-kamiq-2025-gt-%D8%B4%D8%B1%D8%A7%D9%82%D8%A9-%D8%A7%D9%84%D8%AC%D8%B2%D8%A7%D8%A6%D8%B1-d56411686
Geely Coolray 2026 Tout Option,515 مليون,https://www.ouedkniss.com/%D8%B3%D9%8A%D8%A7%D8%B1%D8%A7%D8%AA-geely-coolray-2026-tout-option-%D9%82%D8%B3%D9%86%D8%B7%D9%8A%D9%86%D8%A9-%D8%A7%D9%84%D8%AC%D8%B2%D8%A7%D8%A6%D8%B1-d54221363
Geely Coolray 2026 Battle,523 مليون,https://www.ouedkniss.com/%D8%B3%D9%8A%D8%A7%D8%B1%D8%A7%D8%AA-geely-coolray-2026-battle-%D8%A8%D8%A7%D8%AA%D9%86%D8%A9-%D8%A7%D9%84%D8%AC%D8%B2%D8%A7%D8%A6%D8%B1-d56770640
Volkswagen Golf 8 2025 R- Line,Prix non affiché,https://www.ouedkniss.com/%D8%B3%D9%8A%D8%A7%D8%B1%D8%A7%D8%AA-volkswagen-golf-8-2025-r-line-%D8%A8%D8%A7%D8%B4-%D8%AC%D8%B1%D8%A7%D8%AD-%D8%A7%D9%84%D8%AC%D8%B2%D8%A7%D8%A6%D8%B1-d56380774
Audi Q5 2026 S Line Full Black,Prix non affiché,https://www.ouedkniss.com/%D8%B3%D9%8A%D8%A7%D8%B1%D8%A7%D8%AA-audi-q5-2026-s-line-full-black-%D8%A8%D8%A7%D8%A8-%D8%A7%D9%84%D8%B2%D9%88%D8%A7%D8%B1-%D8%A7%D9%84%D8%AC%D8%B2%D8%A7%D8%A6%D8%B1-d49823057
Citroen Berlingo 2025,Prix non affiché,https://www.ouedkniss.com/%D8%B3%D9%8A%D8%A7%D8%B1%D8%A7%D8%AA-citroen-berlingo-2025-%D8%B0%D8%B1%D8%A7%D8%B9-%D8%A8%D9%86-%D8%AE%D8%AF%D8%A9-%D8%AA%D9%8A%D8%B2%D9%8A-%D9%88%D8%B2%D9%88-%D8%A7%D9%84%D8%AC%D8%B2%D8%A7%D8%A6%D8%B1-d54399746
Volkswagen Lavida 2026 XR Full Options,478 مليون,https://www.ouedkniss.com/%D8%B3%D9%8A%D8%A7%D8%B1%D8%A7%D8%AA-volkswagen-lavida-2026-xr-full-options-%D8%AC%D9%8A%D8%AC%D9%84-%D8%A7%D9%84%D8%AC%D8%B2%D8%A7%D8%A6%D8%B1-d54911794
Citroen Berlingo 2025,Prix non affiché,https://www.ouedkniss.com/%D8%B3%D9%8A%D8%A7%D8%B1%D8%A7%D8%AA-citroen-berlingo-2025-%D8%B0%D8%B1%D8%A7%D8%B9-%D8%A8%D9%86-%D8%AE%D8%AF%D8%A9-%D8%AA%D9%8A%D8%B2%D9%8A-%D9%88%D8%B2%D9%88-%D8%A7%D9%84%D8%AC%D8%B2%D8%A7%D8%A6%D8%B1-d54399746
Nissan Navara 2013 Se 4x2,Prix non affiché,https://www.ouedkniss.com/%D8%B3%D9%8A%D8%A7%D8%B1%D8%A7%D8%AA-nissan-navara-2013-se-4x2-%D8%A3%D9%88%D8%B1%D9%8A%D8%B3%D9%8A%D8%A7-%D8%B3%D8%B7%D9%8A%D9%81-%D8%A7%D9%84%D8%AC%D8%B2%D8%A7%D8%A6%D8%B1-d56572214
BMW Gs F750 2019,240 مليون,https://www.ouedkniss.com/%D8%AF%D8%B1%D8%A7%D8%AC%D8%A7%D8%AA-%D9%86%D8%A7%D8%B1%D9%8A%D8%A9-%D9%88%D8%B3%D9%83%D9%88%D8%AA%D8%B1%D8%A7%D8%AA-bmw-gs-f750-2019-%D8%A7%D9%84%D8%B9%D8%A7%D8%B4%D9%88%D8%B1-%D8%A7%D9%84%D8%AC%D8%B2%D8%A7%D8%A6%D8%B1-d56357500
Kia Kx1 2026,295 مليون,https://www.ouedkniss.com/%D8%B3%D9%8A%D8%A7%D8%B1%D8%A7%D8%AA-kia-kx1-2026-%D8%B4%D8%B1%D8%A7%D9%82%D8%A9-%D8%A7%D9%84%D8%AC%D8%B2%D8%A7%D8%A6%D8%B1-d53607965
Yamaha Xmax 300 2020,138 مليون,https://www.ouedkniss.com/%D8%AF%D8%B1%D8%A7%D8%AC%D8%A7%D8%AA-%D9%86%D8%A7%D8%B1%D9%8A%D8%A9-%D9%88%D8%B3%D9%83%D9%88%D8%AA%D8%B1%D8%A7%D8%AA-yamaha-xmax-300-2020-%D8%B4%D8%B1%D8%A7%D9%82%D8%A9-%D8%A7%D9%84%D8%AC%D8%B2%D8%A7%D8%A6%D8%B1-d56741537
Volkswagen Golf 8 2025 R- Line,Prix non affiché,https://www.ouedkniss.com/%D8%B3%D9%8A%D8%A7%D8%B1%D8%A7%D8%AA-volkswagen-golf-8-2025-r-line-%D8%A8%D8%A7%D8%B4-%D8%AC%D8%B1%D8%A7%D8%AD-%D8%A7%D9%84%D8%AC%D8%B2%D8%A7%D8%A6%D8%B1-d56380774
Volkswagen Golf 8 2021 GTE,680 مليون,https://www.ouedkniss.com/%D8%B3%D9%8A%D8%A7%D8%B1%D8%A7%D8%AA-volkswagen-golf-8-2021-gte-%D8%B3%D8%B9%D9%8A%D8%AF%D8%A9-%D8%A7%D9%84%D8%AC%D8%B2%D8%A7%D8%A6%D8%B1-d56737664
Jetta VS5 2026,Prix non affiché,https://www.ouedkniss.com/%D8%B3%D9%8A%D8%A7%D8%B1%D8%A7%D8%AA-jetta-vs5-2026-%D8%B4%D8%B1%D8%A7%D9%82%D8%A9-%D8%A7%D9%84%D8%AC%D8%B2%D8%A7%D8%A6%D8%B1-d56766056
Volkswagen Golf 8 2026,Prix non affiché,https://www.ouedkniss.com/%D8%B3%D9%8A%D8%A7%D8%B1%D8%A7%D8%AA-volkswagen-golf-8-2026-%D8%B0%D8%B1%D8%A7%D8%B9-%D8%A8%D9%86-%D8%AE%D8%AF%D8%A9-%D8%AA%D9%8A%D8%B2%D9%8A-%D9%88%D8%B2%D9%88-%D8%A7%D9%84%D8%AC%D8%B2%D8%A7%D8%A6%D8%B1-d56501036
Yamaha Xmax 300 2020,138 مليون,https://www.ouedkniss.com/%D8%AF%D8%B1%D8%A7%D8%AC%D8%A7%D8%AA-%D9%86%D8%A7%D8%B1%D9%8A%D8%A9-%D9%88%D8%B3%D9%83%D9%88%D8%AA%D8%B1%D8%A7%D8%AA-yamaha-xmax-300-2020-%D8%B4%D8%B1%D8%A7%D9%82%D8%A9-%D8%A7%D9%84%D8%AC%D8%B2%D8%A7%D8%A6%D8%B1-d56741537
Geely Coolray 2026 Full Option,510 مليون,https://www.ouedkniss.com/%D8%B3%D9%8A%D8%A7%D8%B1%D8%A7%D8%AA-geely-coolray-2026-full-option-%D8%A8%D8%B1%D8%AC-%D8%A8%D9%88%D8%B9%D8%B1%D9%8A%D8%B1%D9%8A%D8%AC-%D8%A7%D9%84%D8%AC%D8%B2%D8%A7%D8%A6%D8%B1-d50834698
Geely Coolray 2026,515 مليون,https://www.ouedkniss.com/%D8%B3%D9%8A%D8%A7%D8%B1%D8%A7%D8%AA-geely-coolray-2026-%D8%B3%D8%B7%D9%8A%D9%81-%D8%A7%D9%84%D8%AC%D8%B2%D8%A7%D8%A6%D8%B1-d56556371
Geely Coolray 2026 Full Options,510 مليون,https://www.ouedkniss.com/%D8%B3%D9%8A%D8%A7%D8%B1%D8%A7%D8%AA-geely-coolray-2026-full-options-%D8%B4%D8%B1%D8%A7%D9%82%D8%A9-%D8%A7%D9%84%D8%AC%D8%B2%D8%A7%D8%A6%D8%B1-d56648600
Livan X3 Pro 2026 Automatique (Avec Toi Ouvrant ),365 مليون,https://www.ouedkniss.com/%D8%B3%D9%8A%D8%A7%D8%B1%D8%A7%D8%AA-livan-x3-pro-2026-automatique-avec-toi-ouvrant-%D8%A7%D9%84%D8%A8%D9%84%D9%8A%D8%AF%D8%A9-%D8%A7%D9%84%D8%AC%D8%B2%D8%A7%D8%A6%D8%B1-d56707286
Toyota Urbain Cruiser 2026 GLX,Prix non affiché,https://www.ouedkniss.com/%D8%B3%D9%8A%D8%A7%D8%B1%D8%A7%D8%AA-toyota-urbain-cruiser-2026-glx-%D8%B0%D8%B1%D8%A7%D8%B9-%D8%A8%D9%86-%D8%AE%D8%AF%D8%A9-%D8%AA%D9%8A%D8%B2%D9%8A-%D9%88%D8%B2%D9%88-%D8%A7%D9%84%D8%AC%D8%B2%D8%A7%D8%A6%D8%B1-d55453705
Geely Coolray 2026 Full Options,510 مليون,https://www.ouedkniss.com/%D8%B3%D9%8A%D8%A7%D8%B1%D8%A7%D8%AA-geely-coolray-2026-full-options-%D8%B4%D8%B1%D8%A7%D9%82%D8%A9-%D8%A7%D9%84%D8%AC%D8%B2%D8%A7%D8%A6%D8%B1-d56648600
Kaiyi X3 Pro 2026 Luxury,382 مليون,https://www.ouedkniss.com/%D8%B3%D9%8A%D8%A7%D8%B1%D8%A7%D8%AA-kaiyi-x3-pro-2026-luxury-%D8%B3%D8%B7%D9%8A%D9%81-%D8%A7%D9%84%D8%AC%D8%B2%D8%A7%D8%A6%D8%B1-d55319959
Volkswagen Golf 8 2021 GTE,680 مليون,https://www.ouedkniss.com/%D8%B3%D9%8A%D8%A7%D8%B1%D8%A7%D8%AA-volkswagen-golf-8-2021-gte-%D8%B3%D8%B9%D9%8A%D8%AF%D8%A9-%D8%A7%D9%84%D8%AC%D8%B2%D8%A7%D8%A6%D8%B1-d56737664
Citroen Berlingo 2025,Prix non affiché,https://www.ouedkniss.com/%D8%B3%D9%8A%D8%A7%D8%B1%D8%A7%D8%AA-citroen-berlingo-2025-%D8%B0%D8%B1%D8%A7%D8%B9-%D8%A8%D9%86-%D8%AE%D8%AF%D8%A9-%D8%AA%D9%8A%D8%B2%D9%8A-%D9%88%D8%B2%D9%88-%D8%A7%D9%84%D8%AC%D8%B2%D8%A7%D8%A6%D8%B1-d54399746
Volkswagen Tahru 2026 XR FULL BLACK TURBO,Prix non affiché,https://www.ouedkniss.com/%D8%B3%D9%8A%D8%A7%D8%B1%D8%A7%D8%AA-volkswagen-tahru-2026-xr-full-black-turbo-%D8%A8%D8%A7%D8%A8-%D8%A7%D9%84%D8%B2%D9%88%D8%A7%D8%B1-%D8%A7%D9%84%D8%AC%D8%B2%D8%A7%D8%A6%D8%B1-d54246377
Geely Coolray 2026 Battle,Prix non affiché,https://www.ouedkniss.com/%D8%B3%D9%8A%D8%A7%D8%B1%D8%A7%D8%AA-geely-coolray-2026-battle-%D8%A7%D9%84%D8%A8%D9%84%D9%8A%D8%AF%D8%A9-%D8%A7%D9%84%D8%AC%D8%B2%D8%A7%D8%A6%D8%B1-d56755394
Geely Coolray 2026 Battle,Prix non affiché,https://www.ouedkniss.com/%D8%B3%D9%8A%D8%A7%D8%B1%D8%A7%D8%AA-geely-coolray-2026-battle-%D8%A8%D8%A7%D8%A8-%D8%A7%D9%84%D8%B2%D9%88%D8%A7%D8%B1-%D8%A7%D9%84%D8%AC%D8%B2%D8%A7%D8%A6%D8%B1-d55591984
Fiat Tipo Sedan 2026 Life,Prix non affiché,https://www.ouedkniss.com/%D8%B3%D9%8A%D8%A7%D8%B1%D8%A7%D8%AA-fiat-tipo-sedan-2026-life-%D8%B0%D8%B1%D8%A7%D8%B9-%D8%A8%D9%86-%D8%AE%D8%AF%D8%A9-%D8%AA%D9%8A%D8%B2%D9%8A-%D9%88%D8%B2%D9%88-%D8%A7%D9%84%D8%AC%D8%B2%D8%A7%D8%A6%D8%B1-d55452523
Renault Clio 5 2025 Evolution,465 مليون,https://www.ouedkniss.com/%D8%B3%D9%8A%D8%A7%D8%B1%D8%A7%D8%AA-renault-clio-5-2025-evolution-%D8%AA%D9%84%D9%85%D8%B3%D8%A7%D9%86-%D8%A7%D9%84%D8%AC%D8%B2%D8%A7%D8%A6%D8%B1-d56719730
Geely Coolray 2026,515 مليون,https://www.ouedkniss.com/%D8%B3%D9%8A%D8%A7%D8%B1%D8%A7%D8%AA-geely-coolray-2026-%D8%B3%D8%B7%D9%8A%D9%81-%D8%A7%D9%84%D8%AC%D8%B2%D8%A7%D8%A6%D8%B1-d56556371
Volkswagen Tiguan L 2026,830 مليون,https://www.ouedkniss.com/%D8%B3%D9%8A%D8%A7%D8%B1%D8%A7%D8%AA-volkswagen-tiguan-l-2026-%D8%A8%D8%B1%D8%A7%D9%82%D9%8A-%D8%A7%D9%84%D8%AC%D8%B2%D8%A7%D8%A6%D8%B1-d55913584
Volkswagen Tharu XR 2026 XR,Prix non affiché,https://www.ouedkniss.com/%D8%B3%D9%8A%D8%A7%D8%B1%D8%A7%D8%AA-volkswagen-tharu-xr-2026-%D8%B4%D8%B1%D8%A7%D9%82%D8%A9-%D8%A7%D9%84%D8%AC%D8%B2%D8%A7%D8%A6%D8%B1-d56688434
Volkswagen T-Roc 2026 Star Light Edition,Prix non affiché,https://www.ouedkniss.com/%D8%B3%D9%8A%D8%A7%D8%B1%D8%A7%D8%AA-volkswagen-t-roc-2026-star-light-edition-%D8%B4%D8%B1%D8%A7%D9%82%D8%A9-%D8%A7%D9%84%D8%AC%D8%B2%D8%A7%D8%A6%D8%B1-d55517743
Kia X-Ceed 2022,410 مليون,https://www.ouedkniss.com/%D8%B3%D9%8A%D8%A7%D8%B1%D8%A7%D8%AA-kia-x-ceed-2022-%D8%A8%D8%A6%D8%B1-%D8%A7%D9%84%D8%AC%D9%8A%D8%B1-%D9%88%D9%87%D8%B1%D8%A7%D9%86-%D8%A7%D9%84%D8%AC%D8%B2%D8%A7%D8%A6%D8%B1-d56737418
Jetta VS5 2026,Prix non affiché,https://www.ouedkniss.com/%D8%B3%D9%8A%D8%A7%D8%B1%D8%A7%D8%AA-jetta-vs5-2026-%D8%B4%D8%B1%D8%A7%D9%82%D8%A9-%D8%A7%D9%84%D8%AC%D8%B2%D8%A7%D8%A6%D8%B1-d56766056
Toyota Urbain Cruiser 2026 GLX,Prix non affiché,https://www.ouedkniss.com/%D8%B3%D9%8A%D8%A7%D8%B1%D8%A7%D8%AA-toyota-urbain-cruiser-2026-glx-%D8%B0%D8%B1%D8%A7%D8%B9-%D8%A8%D9%86-%D8%AE%D8%AF%D8%A9-%D8%AA%D9%8A%D8%B2%D9%8A-%D9%88%D8%B2%D9%88-%D8%A7%D9%84%D8%AC%D8%B2%D8%A7%D8%A6%D8%B1-d55453705
MG5 GLOBAL LUXURY 2026,Prix non affiché,https://www.ouedkniss.com/%D8%B3%D9%8A%D8%A7%D8%B1%D8%A7%D8%AA-mg5-global-luxury-2026-%D8%B4%D8%B1%D8%A7%D9%82%D8%A9-%D8%A7%D9%84%D8%AC%D8%B2%D8%A7%D8%A6%D8%B1-d56623094
Volkswagen T-Roc 2026 R-Line,Prix non affiché,https://www.ouedkniss.com/%D8%B3%D9%8A%D8%A7%D8%B1%D8%A7%D8%AA-volkswagen-t-roc-2026-r-line-%D8%B0%D8%B1%D8%A7%D8%B9-%D8%A8%D9%86-%D8%AE%D8%AF%D8%A9-%D8%AA%D9%8A%D8%B2%D9%8A-%D9%88%D8%B2%D9%88-%D8%A7%D9%84%D8%AC%D8%B2%D8%A7%D8%A6%D8%B1-d56499833
Kaiyi X3 Pro 2026 Luxury,382 مليون,https://www.ouedkniss.com/%D8%B3%D9%8A%D8%A7%D8%B1%D8%A7%D8%AA-kaiyi-x3-pro-2026-luxury-%D8%B3%D8%B7%D9%8A%D9%81-%D8%A7%D9%84%D8%AC%D8%B2%D8%A7%D8%A6%D8%B1-d55319959
Renault Taliant 2025,415 مليون,https://www.ouedkniss.com/%D8%B3%D9%8A%D8%A7%D8%B1%D8%A7%D8%AA-renault-taliant-2025-%D8%B4%D8%B1%D8%A7%D9%82%D8%A9-%D8%A7%D9%84%D8%AC%D8%B2%D8%A7%D8%A6%D8%B1-d56732939
Volkswagen Lavida 2026 XR Full Options,478 مليون,https://www.ouedkniss.com/%D8%B3%D9%8A%D8%A7%D8%B1%D8%A7%D8%AA-volkswagen-lavida-2026-xr-full-options-%D8%AC%D9%8A%D8%AC%D9%84-%D8%A7%D9%84%D8%AC%D8%B2%D8%A7%D8%A6%D8%B1-d54911794
Geely Coolray 2026 Full Opsyon,Prix non affiché,https://www.ouedkniss.com/%D8%B3%D9%8A%D8%A7%D8%B1%D8%A7%D8%AA-geely-coolray-2026-full-opsyon-%D8%B4%D8%B1%D8%A7%D9%82%D8%A9-%D8%A7%D9%84%D8%AC%D8%B2%D8%A7%D8%A6%D8%B1-d56817368
"AMMANN Compacteur Manuel, Plaque Vibrante Et Pilonneuse",Prix non affiché,https://www.ouedkniss.com/%D8%A2%D9%84%D8%A9-ammann-compacteur-manuel-plaque-vibrante-et-pilonneuse-%D8%A8%D8%A6%D8%B1-%D8%AA%D9%88%D8%AA%D8%A9-%D8%A7%D9%84%D8%AC%D8%B2%D8%A7%D8%A6%D8%B1-d39315891
Volkswagen Multivane 2026 Édition,Prix non affiché,https://www.ouedkniss.com/%D8%B3%D9%8A%D8%A7%D8%B1%D8%A7%D8%AA-volkswagen-multivane-2026-edition-%D8%B0%D8%B1%D8%A7%D8%B9-%D8%A8%D9%86-%D8%AE%D8%AF%D8%A9-%D8%AA%D9%8A%D8%B2%D9%8A-%D9%88%D8%B2%D9%88-%D8%A7%D9%84%D8%AC%D8%B2%D8%A7%D8%A6%D8%B1-d55677523
Nissan Navara 2013 Se 4x2,Prix non affiché,https://www.ouedkniss.com/%D8%B3%D9%8A%D8%A7%D8%B1%D8%A7%D8%AA-nissan-navara-2013-se-4x2-%D8%A3%D9%88%D8%B1%D9%8A%D8%B3%D9%8A%D8%A7-%D8%B3%D8%B7%D9%8A%D9%81-%D8%A7%D9%84%D8%AC%D8%B2%D8%A7%D8%A6%D8%B1-d56572214
ROEWE I5 2026 Edition Confort,Prix non affiché,https://www.ouedkniss.com/%D8%B3%D9%8A%D8%A7%D8%B1%D8%A7%D8%AA-roewe-i5-2026-edition-confort-%D8%B4%D8%B1%D8%A7%D9%82%D8%A9-%D8%A7%D9%84%D8%AC%D8%B2%D8%A7%D8%A6%D8%B1-d56681870
Geely Coolray 2026 Battle,Prix non affiché,https://www.ouedkniss.com/%D8%B3%D9%8A%D8%A7%D8%B1%D8%A7%D8%AA-geely-coolray-2026-battle-%D8%A8%D8%A7%D8%A8-%D8%A7%D9%84%D8%B2%D9%88%D8%A7%D8%B1-%D8%A7%D9%84%D8%AC%D8%B2%D8%A7%D8%A6%D8%B1-d55591984
Roewe I5 Automatique 2026 Top Version (Boite Auto/ Toit Ouvrant),289 مليون,https://www.ouedkniss.com/%D8%B3%D9%8A%D8%A7%D8%B1%D8%A7%D8%AA-roewe-i5-automatique-2026-top-version-boite-auto-toit-ouvrant-%D8%B4%D8%B1%D8%A7%D9%82%D8%A9-%D8%A7%D9%84%D8%AC%D8%B2%D8%A7%D8%A6%D8%B1-d55793998
Geely Coolray 2026 Battle,Prix non affiché,https://www.ouedkniss.com/%D8%B3%D9%8A%D8%A7%D8%B1%D8%A7%D8%AA-geely-coolray-2026-battle-%D8%A7%D9%84%D8%A8%D9%84%D9%8A%D8%AF%D8%A9-%D8%A7%D9%84%D8%AC%D8%B2%D8%A7%D8%A6%D8%B1-d56755394
Volkswagen T-Roc 2026 Star Light Edition,Prix non affiché,https://www.ouedkniss.com/%D8%B3%D9%8A%D8%A7%D8%B1%D8%A7%D8%AA-volkswagen-t-roc-2026-star-light-edition-%D8%B4%D8%B1%D8%A7%D9%82%D8%A9-%D8%A7%D9%84%D8%AC%D8%B2%D8%A7%D8%A6%D8%B1-d55517743
Geely Coolray 2026 Full Option,510 مليون,https://www.ouedkniss.com/%D8%B3%D9%8A%D8%A7%D8%B1%D8%A7%D8%AA-geely-coolray-2026-full-option-%D8%A8%D8%B1%D8%AC-%D8%A8%D9%88%D8%B9%D8%B1%D9%8A%D8%B1%D9%8A%D8%AC-%D8%A7%D9%84%D8%AC%D8%B2%D8%A7%D8%A6%D8%B1-d50834698
Volkswagen Golf 7 2015 GTD,480 مليون,https://www.ouedkniss.com/%D8%B3%D9%8A%D8%A7%D8%B1%D8%A7%D8%AA-volkswagen-golf-7-2015-gtd-%D8%AA%D9%84%D9%85%D8%B3%D8%A7%D9%86-%D8%A7%D9%84%D8%AC%D8%B2%D8%A7%D8%A6%D8%B1-d56529071
Volkswagen Tharu XR 2026,555 مليون,https://www.ouedkniss.com/%D8%B3%D9%8A%D8%A7%D8%B1%D8%A7%D8%AA-volkswagen-tharu-xr-2026-%D8%A7%D9%84%D9%82%D9%84%D9%8A%D8%B9%D8%A9-%D8%AA%D9%8A%D8%A8%D8%A7%D8%B2%D8%A9-%D8%A7%D9%84%D8%AC%D8%B2%D8%A7%D8%A6%D8%B1-d55986412
Volkswagen Multivane 2026 Édition,Prix non affiché,https://www.ouedkniss.com/%D8%B3%D9%8A%D8%A7%D8%B1%D8%A7%D8%AA-volkswagen-multivane-2026-edition-%D8%B0%D8%B1%D8%A7%D8%B9-%D8%A8%D9%86-%D8%AE%D8%AF%D8%A9-%D8%AA%D9%8A%D8%B2%D9%8A-%D9%88%D8%B2%D9%88-%D8%A7%D9%84%D8%AC%D8%B2%D8%A7%D8%A6%D8%B1-d55677523
Kia X-Ceed 2022,410 مليون,https://www.ouedkniss.com/%D8%B3%D9%8A%D8%A7%D8%B1%D8%A7%D8%AA-kia-x-ceed-2022-%D8%A8%D8%A6%D8%B1-%D8%A7%D9%84%D8%AC%D9%8A%D8%B1-%D9%88%D9%87%D8%B1%D8%A7%D9%86-%D8%A7%D9%84%D8%AC%D8%B2%D8%A7%D8%A6%D8%B1-d56737418
DFSK K07S 2026,220 مليون,https://www.ouedkniss.com/%D8%A7%D9%84%D8%B3%D9%8A%D8%A7%D8%B1%D8%A7%D8%AA-%D8%A7%D9%84%D9%86%D9%81%D8%B9%D9%8A%D8%A9-dfsk-k07s-2026-%D8%A8%D9%88%D9%85%D8%B1%D8%AF%D8%A7%D8%B3-%D8%A7%D9%84%D8%AC%D8%B2%D8%A7%D8%A6%D8%B1-d51119092
Geely Coolray 2026 Battle,Prix non affiché,https://www.ouedkniss.com/%D8%B3%D9%8A%D8%A7%D8%B1%D8%A7%D8%AA-geely-coolray-2026-battle-%D8%A7%D9%84%D8%A8%D9%84%D9%8A%D8%AF%D8%A9-%D8%A7%D9%84%D8%AC%D8%B2%D8%A7%D8%A6%D8%B1-d56755394
Kia KX1 2026 Full Options,Prix non affiché,https://www.ouedkniss.com/%D8%B3%D9%8A%D8%A7%D8%B1%D8%A7%D8%AA-kia-kx1-2026-full-options-%D8%B4%D8%B1%D8%A7%D9%82%D8%A9-%D8%A7%D9%84%D8%AC%D8%B2%D8%A7%D8%A6%D8%B1-d56688920
Skoda Superb 2021 Sportline,Prix non affiché,https://www.ouedkniss.com/%D8%B3%D9%8A%D8%A7%D8%B1%D8%A7%D8%AA-skoda-superb-2021-sportline-%D8%B3%D8%B7%D9%8A%D9%81-%D8%A7%D9%84%D8%AC%D8%B2%D8%A7%D8%A6%D8%B1-d56607491
Jetour X90plus 2025,700 مليون,https://www.ouedkniss.com/%D8%B3%D9%8A%D8%A7%D8%B1%D8%A7%D8%AA-jetour-x90plus-2025-%D8%AA%D8%A8%D8%B3%D8%A9-%D8%A7%D9%84%D8%AC%D8%B2%D8%A7%D8%A6%D8%B1-d55995178
Ford Focus 4 Portes 2012 Trend Sport,Prix non affiché,https://www.ouedkniss.com/%D8%B3%D9%8A%D8%A7%D8%B1%D8%A7%D8%AA-ford-focus-4-portes-2012-trend-sport-%D8%A3%D9%88%D9%84%D8%A7%D8%AF-%D9%85%D9%88%D8%B3%D9%89-%D8%A8%D9%88%D9%85%D8%B1%D8%AF%D8%A7%D8%B3-%D8%A7%D9%84%D8%AC%D8%B2%D8%A7%D8%A6%D8%B1-d56813183
Geely Coolray 2026 Tout Option,515 مليون,https://www.ouedkniss.com/%D8%B3%D9%8A%D8%A7%D8%B1%D8%A7%D8%AA-geely-coolray-2026-tout-option-%D9%82%D8%B3%D9%86%D8%B7%D9%8A%D9%86%D8%A9-%D8%A7%D9%84%D8%AC%D8%B2%D8%A7%D8%A6%D8%B1-d54221363
Skoda Kamiq 2025 GT,Prix non affiché,https://www.ouedkniss.com/%D8%B3%D9%8A%D8%A7%D8%B1%D8%A7%D8%AA-skoda-kamiq-2025-gt-%D8%B4%D8%B1%D8%A7%D9%82%D8%A9-%D8%A7%D9%84%D8%AC%D8%B2%D8%A7%D8%A6%D8%B1-d56411686
Livan X3 Pro 2026 Automatique (Avec Toi Ouvrant ),365 مليون,https://www.ouedkniss.com/%D8%B3%D9%8A%D8%A7%D8%B1%D8%A7%D8%AA-livan-x3-pro-2026-automatique-avec-toi-ouvrant-%D8%A7%D9%84%D8%A8%D9%84%D9%8A%D8%AF%D8%A9-%D8%A7%D9%84%D8%AC%D8%B2%D8%A7%D8%A6%D8%B1-d56707286
Fiat 500 2023 Dolcevita Plus,1 مليون,https://www.ouedkniss.com/%D8%B3%D9%8A%D8%A7%D8%B1%D8%A7%D8%AA-fiat-500-2023-dolcevita-plus-%D8%A7%D9%84%D8%B1%D8%BA%D8%A7%D9%8A%D8%A9-%D8%A7%D9%84%D8%AC%D8%B2%D8%A7%D8%A6%D8%B1-d56499665
Toyota TUNDRA 2025 TRD PRO 00 Km,Prix non affiché,https://www.ouedkniss.com/%D8%A7%D9%84%D8%B3%D9%8A%D8%A7%D8%B1%D8%A7%D8%AA-%D8%A7%D9%84%D9%86%D9%81%D8%B9%D9%8A%D8%A9-toyota-tundra-2025-trd-pro-00-km-%D8%AD%D9%8A%D8%AF%D8%B1%D8%A9-%D8%A7%D9%84%D8%AC%D8%B2%D8%A7%D8%A6%D8%B1-d54148010
Volkswagen Tharu XR 2025 Enjoy Edition,Prix non affiché,https://www.ouedkniss.com/%D8%B3%D9%8A%D8%A7%D8%B1%D8%A7%D8%AA-volkswagen-tharu-xr-2025-enjoy-edition-%D8%A8%D8%B1%D8%AC-%D8%A8%D9%88%D8%B9%D8%B1%D9%8A%D8%B1%D9%8A%D8%AC-%D8%A7%D9%84%D8%AC%D8%B2%D8%A7%D8%A6%D8%B1-d56688464
Toyota Hilux 2026 GR,1 695 مليون,https://www.ouedkniss.com/%D8%B3%D9%8A%D8%A7%D8%B1%D8%A7%D8%AA-toyota-hilux-2026-gr-%D8%B3%D8%B7%D9%8A%D9%81-%D8%A7%D9%84%D8%AC%D8%B2%D8%A7%D8%A6%D8%B1-d56679665
Geely Coolray 2026 Battle,Prix non affiché,https://www.ouedkniss.com/%D8%B3%D9%8A%D8%A7%D8%B1%D8%A7%D8%AA-geely-coolray-2026-battle-%D8%A8%D8%A7%D8%A8-%D8%A7%D9%84%D8%B2%D9%88%D8%A7%D8%B1-%D8%A7%D9%84%D8%AC%D8%B2%D8%A7%D8%A6%D8%B1-d55591984
Dongfeng Fengshen 2025 Gs,470 مليون,https://www.ouedkniss.com/%D8%B3%D9%8A%D8%A7%D8%B1%D8%A7%D8%AA-dongfeng-fengshen-2025-gs-%D9%88%D9%87%D8%B1%D8%A7%D9%86-%D8%A7%D9%84%D8%AC%D8%B2%D8%A7%D8%A6%D8%B1-d56783789
Jetour X90plus 2025,700 مليون,https://www.ouedkniss.com/%D8%B3%D9%8A%D8%A7%D8%B1%D8%A7%D8%AA-jetour-x90plus-2025-%D8%AA%D8%A8%D8%B3%D8%A9-%D8%A7%D9%84%D8%AC%D8%B2%D8%A7%D8%A6%D8%B1-d55995178
MG MG5 2026 MG Global Luxury Edition,Prix non affiché,https://www.ouedkniss.com/%D8%B3%D9%8A%D8%A7%D8%B1%D8%A7%D8%AA-mg-mg5-2026-global-luxury-edition-%D8%B4%D8%B1%D8%A7%D9%82%D8%A9-%D8%A7%D9%84%D8%AC%D8%B2%D8%A7%D8%A6%D8%B1-d56801180
Renault Clio 5 2025 Evolution,465 مليون,https://www.ouedkniss.com/%D8%B3%D9%8A%D8%A7%D8%B1%D8%A7%D8%AA-renault-clio-5-2025-evolution-%D8%AA%D9%84%D9%85%D8%B3%D8%A7%D9%86-%D8%A7%D9%84%D8%AC%D8%B2%D8%A7%D8%A6%D8%B1-d56719730
Jetour Dashing 2026 Luxury,1 مليون,https://www.ouedkniss.com/%D8%B3%D9%8A%D8%A7%D8%B1%D8%A7%D8%AA-jetour-dashing-2026-luxury-%D8%A7%D9%84%D8%B9%D9%84%D9%85%D8%A9-%D8%B3%D8%B7%D9%8A%D9%81-%D8%A7%D9%84%D8%AC%D8%B2%D8%A7%D8%A6%D8%B1-d56846516
Ford Focus 4 Portes 2012 Trend Sport,Prix non affiché,https://www.ouedkniss.com/%D8%B3%D9%8A%D8%A7%D8%B1%D8%A7%D8%AA-ford-focus-4-portes-2012-trend-sport-%D8%A3%D9%88%D9%84%D8%A7%D8%AF-%D9%85%D9%88%D8%B3%D9%89-%D8%A8%D9%88%D9%85%D8%B1%D8%AF%D8%A7%D8%B3-%D8%A7%D9%84%D8%AC%D8%B2%D8%A7%D8%A6%D8%B1-d56813183
Volkswagen Tiguan L 2026,830 مليون,https://www.ouedkniss.com/%D8%B3%D9%8A%D8%A7%D8%B1%D8%A7%D8%AA-volkswagen-tiguan-l-2026-%D8%A8%D8%B1%D8%A7%D9%82%D9%8A-%D8%A7%D9%84%D8%AC%D8%B2%D8%A7%D8%A6%D8%B1-d55913584
Audi Q5 2026 S Line Full Black,Prix non affiché,https://www.ouedkniss.com/%D8%B3%D9%8A%D8%A7%D8%B1%D8%A7%D8%AA-audi-q5-2026-s-line-full-black-%D8%A8%D8%A7%D8%A8-%D8%A7%D9%84%D8%B2%D9%88%D8%A7%D8%B1-%D8%A7%D9%84%D8%AC%D8%B2%D8%A7%D8%A6%D8%B1-d49823057
Skoda Kamiq 2025 Gt,515 مليون,https://www.ouedkniss.com/%D8%B3%D9%8A%D8%A7%D8%B1%D8%A7%D8%AA-skoda-kamiq-2025-gt-%D8%AF%D8%B1%D8%A7%D8%B1%D9%8A%D8%A9-%D8%A7%D9%84%D8%AC%D8%B2%D8%A7%D8%A6%D8%B1-d55324873
Yamaha Xmax 300 2020,138 مليون,https://www.ouedkniss.com/%D8%AF%D8%B1%D8%A7%D8%AC%D8%A7%D8%AA-%D9%86%D8%A7%D8%B1%D9%8A%D8%A9-%D9%88%D8%B3%D9%83%D9%88%D8%AA%D8%B1%D8%A7%D8%AA-yamaha-xmax-300-2020-%D8%B4%D8%B1%D8%A7%D9%82%D8%A9-%D8%A7%D9%84%D8%AC%D8%B2%D8%A7%D8%A6%D8%B1-d56741537
Toyota TUNDRA 2025 TRD PRO 00 Km,Prix non affiché,https://www.ouedkniss.com/%D8%A7%D9%84%D8%B3%D9%8A%D8%A7%D8%B1%D8%A7%D8%AA-%D8%A7%D9%84%D9%86%D9%81%D8%B9%D9%8A%D8%A9-toyota-tundra-2025-trd-pro-00-km-%D8%AD%D9%8A%D8%AF%D8%B1%D8%A9-%D8%A7%D9%84%D8%AC%D8%B2%D8%A7%D8%A6%D8%B1-d54148010
Volkswagen T-Roc 2026 R-Line,Prix non affiché,https://www.ouedkniss.com/%D8%B3%D9%8A%D8%A7%D8%B1%D8%A7%D8%AA-volkswagen-t-roc-2026-r-line-%D8%B4%D8%B1%D8%A7%D9%82%D8%A9-%D8%A7%D9%84%D8%AC%D8%B2%D8%A7%D8%A6%D8%B1-d56213497
Kia Kx1 2026,295 مليون,https://www.ouedkniss.com/%D8%B3%D9%8A%D8%A7%D8%B1%D8%A7%D8%AA-kia-kx1-2026-%D8%B4%D8%B1%D8%A7%D9%82%D8%A9-%D8%A7%D9%84%D8%AC%D8%B2%D8%A7%D8%A6%D8%B1-d53607965
Peugeot Rifter 2026 Allure,Prix non affiché,https://www.ouedkniss.com/%D8%B3%D9%8A%D8%A7%D8%B1%D8%A7%D8%AA-peugeot-rifter-2026-allure-%D8%B0%D8%B1%D8%A7%D8%B9-%D8%A8%D9%86-%D8%AE%D8%AF%D8%A9-%D8%AA%D9%8A%D8%B2%D9%8A-%D9%88%D8%B2%D9%88-%D8%A7%D9%84%D8%AC%D8%B2%D8%A7%D8%A6%D8%B1-d55452733
Volkswagen T-Roc 2026 Star Light Edition,Prix non affiché,https://www.ouedkniss.com/%D8%B3%D9%8A%D8%A7%D8%B1%D8%A7%D8%AA-volkswagen-t-roc-2026-star-light-edition-%D8%B4%D8%B1%D8%A7%D9%82%D8%A9-%D8%A7%D9%84%D8%AC%D8%B2%D8%A7%D8%A6%D8%B1-d55517743
MG MG5 2026 MG Global Luxury Edition,Prix non affiché,https://www.ouedkniss.com/%D8%B3%D9%8A%D8%A7%D8%B1%D8%A7%D8%AA-mg-mg5-2026-global-luxury-edition-%D8%B4%D8%B1%D8%A7%D9%82%D8%A9-%D8%A7%D9%84%D8%AC%D8%B2%D8%A7%D8%A6%D8%B1-d56801180
MG MG5 2026 MG Global Luxury Edition,Prix non affiché,https://www.ouedkniss.com/%D8%B3%D9%8A%D8%A7%D8%B1%D8%A7%D8%AA-mg-mg5-2026-global-luxury-edition-%D8%B4%D8%B1%D8%A7%D9%82%D8%A9-%D8%A7%D9%84%D8%AC%D8%B2%D8%A7%D8%A6%D8%B1-d56801180
Fiat 500 2023 Dolcevita Plus,1 مليون,https://www.ouedkniss.com/%D8%B3%D9%8A%D8%A7%D8%B1%D8%A7%D8%AA-fiat-500-2023-dolcevita-plus-%D8%A7%D9%84%D8%B1%D8%BA%D8%A7%D9%8A%D8%A9-%D8%A7%D9%84%D8%AC%D8%B2%D8%A7%D8%A6%D8%B1-d56499665
Citroen Berlingo 2025,Prix non affiché,https://www.ouedkniss.com/%D8%B3%D9%8A%D8%A7%D8%B1%D8%A7%D8%AA-citroen-berlingo-2025-%D8%B0%D8%B1%D8%A7%D8%B9-%D8%A8%D9%86-%D8%AE%D8%AF%D8%A9-%D8%AA%D9%8A%D8%B2%D9%8A-%D9%88%D8%B2%D9%88-%D8%A7%D9%84%D8%AC%D8%B2%D8%A7%D8%A6%D8%B1-d54399746
Geely Coolray 2026 Full Options,1 مليون,https://www.ouedkniss.com/%D8%B3%D9%8A%D8%A7%D8%B1%D8%A7%D8%AA-geely-coolray-2026-full-options-%D9%82%D8%B3%D9%86%D8%B7%D9%8A%D9%86%D8%A9-%D8%A7%D9%84%D8%AC%D8%B2%D8%A7%D8%A6%D8%B1-d56745269
Fiat Tipo Sedan 2026 Life,Prix non affiché,https://www.ouedkniss.com/%D8%B3%D9%8A%D8%A7%D8%B1%D8%A7%D8%AA-fiat-tipo-sedan-2026-life-%D8%B0%D8%B1%D8%A7%D8%B9-%D8%A8%D9%86-%D8%AE%D8%AF%D8%A9-%D8%AA%D9%8A%D8%B2%D9%8A-%D9%88%D8%B2%D9%88-%D8%A7%D9%84%D8%AC%D8%B2%D8%A7%D8%A6%D8%B1-d55452523
Skoda Kamiq 2026 GT,525 مليون,https://www.ouedkniss.com/%D8%B3%D9%8A%D8%A7%D8%B1%D8%A7%D8%AA-skoda-kamiq-2026-gt-%D8%A7%D9%84%D9%85%D9%8A%D9%84%D9%8A%D8%A9-%D8%AC%D9%8A%D8%AC%D9%84-%D8%A7%D9%84%D8%AC%D8%B2%D8%A7%D8%A6%D8%B1-d55346410
MG MG5 2026 MG Global Luxury Edition,Prix non affiché,https://www.ouedkniss.com/%D8%B3%D9%8A%D8%A7%D8%B1%D8%A7%D8%AA-mg-mg5-2026-global-luxury-edition-%D8%B4%D8%B1%D8%A7%D9%82%D8%A9-%D8%A7%D9%84%D8%AC%D8%B2%D8%A7%D8%A6%D8%B1-d56801180
Renault Clio 5 2025 Evolution,465 مليون,https://www.ouedkniss.com/%D8%B3%D9%8A%D8%A7%D8%B1%D8%A7%D8%AA-renault-clio-5-2025-evolution-%D8%AA%D9%84%D9%85%D8%B3%D8%A7%D9%86-%D8%A7%D9%84%D8%AC%D8%B2%D8%A7%D8%A6%D8%B1-d56719730
Kia Kx1 2026,295 مليون,https://www.ouedkniss.com/%D8%B3%D9%8A%D8%A7%D8%B1%D8%A7%D8%AA-kia-kx1-2026-%D8%B4%D8%B1%D8%A7%D9%82%D8%A9-%D8%A7%D9%84%D8%AC%D8%B2%D8%A7%D8%A6%D8%B1-d53607965
Geely Coolray 2026 TOP VERSION FULL OPTION,Prix non affiché,https://www.ouedkniss.com/%D8%B3%D9%8A%D8%A7%D8%B1%D8%A7%D8%AA-geely-coolray-2026-top-version-full-option-%D8%B4%D8%B1%D8%A7%D9%82%D8%A9-%D8%A7%D9%84%D8%AC%D8%B2%D8%A7%D8%A6%D8%B1-d53417888
Geely Coolray 2026 Battle,Prix non affiché,https://www.ouedkniss.com/%D8%B3%D9%8A%D8%A7%D8%B1%D8%A7%D8%AA-geely-coolray-2026-battle-%D8%A7%D9%84%D8%A8%D9%84%D9%8A%D8%AF%D8%A9-%D8%A7%D9%84%D8%AC%D8%B2%D8%A7%D8%A6%D8%B1-d56755394
MG MG5 2026,352 مليون,https://www.ouedkniss.com/%D8%B3%D9%8A%D8%A7%D8%B1%D8%A7%D8%AA-mg-mg5-2026-%D8%B3%D8%B7%D9%8A%D9%81-%D8%A7%D9%84%D8%AC%D8%B2%D8%A7%D8%A6%D8%B1-d54153086
Toyota Urbain Cruiser 2026 GLX,Prix non affiché,https://www.ouedkniss.com/%D8%B3%D9%8A%D8%A7%D8%B1%D8%A7%D8%AA-toyota-urbain-cruiser-2026-glx-%D8%B0%D8%B1%D8%A7%D8%B9-%D8%A8%D9%86-%D8%AE%D8%AF%D8%A9-%D8%AA%D9%8A%D8%B2%D9%8A-%D9%88%D8%B2%D9%88-%D8%A7%D9%84%D8%AC%D8%B2%D8%A7%D8%A6%D8%B1-d55453705
Skoda Kamiq 2025 Gt,515 مليون,https://www.ouedkniss.com/%D8%B3%D9%8A%D8%A7%D8%B1%D8%A7%D8%AA-skoda-kamiq-2025-gt-%D8%AF%D8%B1%D8%A7%D8%B1%D9%8A%D8%A9-%D8%A7%D9%84%D8%AC%D8%B2%D8%A7%D8%A6%D8%B1-d55324873
MG MG5 2026 MG Global Luxury Edition,Prix non affiché,https://www.ouedkniss.com/%D8%B3%D9%8A%D8%A7%D8%B1%D8%A7%D8%AA-mg-mg5-2026-global-luxury-edition-%D8%B4%D8%B1%D8%A7%D9%82%D8%A9-%D8%A7%D9%84%D8%AC%D8%B2%D8%A7%D8%A6%D8%B1-d56801180
BMW Gs F750 2019,240 مليون,https://www.ouedkniss.com/%D8%AF%D8%B1%D8%A7%D8%AC%D8%A7%D8%AA-%D9%86%D8%A7%D8%B1%D9%8A%D8%A9-%D9%88%D8%B3%D9%83%D9%88%D8%AA%D8%B1%D8%A7%D8%AA-bmw-gs-f750-2019-%D8%A7%D9%84%D8%B9%D8%A7%D8%B4%D9%88%D8%B1-%D8%A7%D9%84%D8%AC%D8%B2%D8%A7%D8%A6%D8%B1-d56357500
"AMMANN Compacteur Manuel, Plaque Vibrante Et Pilonneuse",Prix non affiché,https://www.ouedkniss.com/%D8%A2%D9%84%D8%A9-ammann-compacteur-manuel-plaque-vibrante-et-pilonneuse-%D8%A8%D8%A6%D8%B1-%D8%AA%D9%88%D8%AA%D8%A9-%D8%A7%D9%84%D8%AC%D8%B2%D8%A7%D8%A6%D8%B1-d39315891
Volkswagen T-Roc 2026 Star Light Edition,Prix non affiché,https://www.ouedkniss.com/%D8%B3%D9%8A%D8%A7%D8%B1%D8%A7%D8%AA-volkswagen-t-roc-2026-star-light-edition-%D8%B4%D8%B1%D8%A7%D9%82%D8%A9-%D8%A7%D9%84%D8%AC%D8%B2%D8%A7%D8%A6%D8%B1-d55517743
Kia KX1 2026 Full Options,Prix non affiché,https://www.ouedkniss.com/%D8%B3%D9%8A%D8%A7%D8%B1%D8%A7%D8%AA-kia-kx1-2026-full-options-%D8%B4%D8%B1%D8%A7%D9%82%D8%A9-%D8%A7%D9%84%D8%AC%D8%B2%D8%A7%D8%A6%D8%B1-d56688920
Fiat 500 2023 Dolcevita Plus,1 مليون,https://www.ouedkniss.com/%D8%B3%D9%8A%D8%A7%D8%B1%D8%A7%D8%AA-fiat-500-2023-dolcevita-plus-%D8%A7%D9%84%D8%B1%D8%BA%D8%A7%D9%8A%D8%A9-%D8%A7%D9%84%D8%AC%D8%B2%D8%A7%D8%A6%D8%B1-d56499665
Geely Coolray 2026 Full Option,510 مليون,https://www.ouedkniss.com/%D8%B3%D9%8A%D8%A7%D8%B1%D8%A7%D8%AA-geely-coolray-2026-full-option-%D8%A8%D8%B1%D8%AC-%D8%A8%D9%88%D8%B9%D8%B1%D9%8A%D8%B1%D9%8A%D8%AC-%D8%A7%D9%84%D8%AC%D8%B2%D8%A7%D8%A6%D8%B1-d50834698
Shangan X5 Plus 2026 Flagship,Prix non affiché,https://www.ouedkniss.com/%D8%B3%D9%8A%D8%A7%D8%B1%D8%A7%D8%AA-shangan-x5-plus-2026-flagship-%D8%A8%D8%A7%D8%A8-%D8%A7%D9%84%D8%B2%D9%88%D8%A7%D8%B1-%D8%A7%D9%84%D8%AC%D8%B2%D8%A7%D8%A6%D8%B1-d56459266
Yamaha Xmax 300 2020,138 مليون,https://www.ouedkniss.com/%D8%AF%D8%B1%D8%A7%D8%AC%D8%A7%D8%AA-%D9%86%D8%A7%D8%B1%D9%8A%D8%A9-%D9%88%D8%B3%D9%83%D9%88%D8%AA%D8%B1%D8%A7%D8%AA-yamaha-xmax-300-2020-%D8%B4%D8%B1%D8%A7%D9%82%D8%A9-%D8%A7%D9%84%D8%AC%D8%B2%D8%A7%D8%A6%D8%B1-d56741537
MG5 GLOBAL LUXURY 2026,Prix non affiché,https://www.ouedkniss.com/%D8%B3%D9%8A%D8%A7%D8%B1%D8%A7%D8%AA-mg5-global-luxury-2026-%D8%B4%D8%B1%D8%A7%D9%82%D8%A9-%D8%A7%D9%84%D8%AC%D8%B2%D8%A7%D8%A6%D8%B1-d56623094
Citroen Berlingo 2025,Prix non affiché,https://www.ouedkniss.com/%D8%B3%D9%8A%D8%A7%D8%B1%D8%A7%D8%AA-citroen-berlingo-2025-%D8%B0%D8%B1%D8%A7%D8%B9-%D8%A8%D9%86-%D8%AE%D8%AF%D8%A9-%D8%AA%D9%8A%D8%B2%D9%8A-%D9%88%D8%B2%D9%88-%D8%A7%D9%84%D8%AC%D8%B2%D8%A7%D8%A6%D8%B1-d54399746
Citroen Berlingo 2026 XTR,Prix non affiché,https://www.ouedkniss.com/%D8%B3%D9%8A%D8%A7%D8%B1%D8%A7%D8%AA-citroen-berlingo-2026-xtr-%D8%B0%D8%B1%D8%A7%D8%B9-%D8%A8%D9%86-%D8%AE%D8%AF%D8%A9-%D8%AA%D9%8A%D8%B2%D9%8A-%D9%88%D8%B2%D9%88-%D8%A7%D9%84%D8%AC%D8%B2%D8%A7%D8%A6%D8%B1-d56560916
Geely GX3 PRO 2026 International Avec Toit,363 مليون,https://www.ouedkniss.com/%D8%B3%D9%8A%D8%A7%D8%B1%D8%A7%D8%AA-geely-gx3-pro-2026-international-avec-toit-%D8%B9%D9%8A%D9%86-%D9%88%D8%B3%D8%A7%D8%B1%D8%A9-%D8%A8%D9%88%D8%BA%D8%B2%D9%88%D9%84-%D8%A7%D9%84%D8%AC%D9%84%D9%81%D8%A9-%D8%A7%D9%84%D8%AC%D8%B2%D8%A7%D8%A6%D8%B1-d56755703
Volkswagen Tiguan L 2026,830 مليون,https://www.ouedkniss.com/%D8%B3%D9%8A%D8%A7%D8%B1%D8%A7%D8%AA-volkswagen-tiguan-l-2026-%D8%A8%D8%B1%D8%A7%D9%82%D9%8A-%D8%A7%D9%84%D8%AC%D8%B2%D8%A7%D8%A6%D8%B1-d55913584
Geely Coolray 2026 Full Opsyon,Prix non affiché,https://www.ouedkniss.com/%D8%B3%D9%8A%D8%A7%D8%B1%D8%A7%D8%AA-geely-coolray-2026-full-opsyon-%D8%B4%D8%B1%D8%A7%D9%82%D8%A9-%D8%A7%D9%84%D8%AC%D8%B2%D8%A7%D8%A6%D8%B1-d56817368
ROEWE I5 2026 Edition Confort,Prix non affiché,https://www.ouedkniss.com/%D8%B3%D9%8A%D8%A7%D8%B1%D8%A7%D8%AA-roewe-i5-2026-edition-confort-%D8%B4%D8%B1%D8%A7%D9%82%D8%A9-%D8%A7%D9%84%D8%AC%D8%B2%D8%A7%D8%A6%D8%B1-d56681870
Geely Coolray 2026 Battle,Prix non affiché,https://www.ouedkniss.com/%D8%B3%D9%8A%D8%A7%D8%B1%D8%A7%D8%AA-geely-coolray-2026-battle-%D8%A7%D9%84%D8%A8%D9%84%D9%8A%D8%AF%D8%A9-%D8%A7%D9%84%D8%AC%D8%B2%D8%A7%D8%A6%D8%B1-d56755394
HIDROMEK Retro Chargeur,Prix non affiché,https://www.ouedkniss.com/%D8%A2%D9%84%D8%A9-hidromek-retro-chargeur-%D8%A8%D8%A6%D8%B1-%D8%AA%D9%88%D8%AA%D8%A9-%D8%A7%D9%84%D8%AC%D8%B2%D8%A7%D8%A6%D8%B1-d39315151
BMW Gs F750 2019,240 مليون,https://www.ouedkniss.com/%D8%AF%D8%B1%D8%A7%D8%AC%D8%A7%D8%AA-%D9%86%D8%A7%D8%B1%D9%8A%D8%A9-%D9%88%D8%B3%D9%83%D9%88%D8%AA%D8%B1%D8%A7%D8%AA-bmw-gs-f750-2019-%D8%A7%D9%84%D8%B9%D8%A7%D8%B4%D9%88%D8%B1-%D8%A7%D9%84%D8%AC%D8%B2%D8%A7%D8%A6%D8%B1-d56357500
Volkswagen T-Roc 2026 R Line Pack Chrome,Prix non affiché,https://www.ouedkniss.com/%D8%B3%D9%8A%D8%A7%D8%B1%D8%A7%D8%AA-volkswagen-t-roc-2026-r-line-pack-chrome-%D8%A8%D8%A7%D8%A8-%D8%A7%D9%84%D8%B2%D9%88%D8%A7%D8%B1-%D8%A7%D9%84%D8%AC%D8%B2%D8%A7%D8%A6%D8%B1-d54871490
Citroen Berlingo 2025,Prix non affiché,https://www.ouedkniss.com/%D8%B3%D9%8A%D8%A7%D8%B1%D8%A7%D8%AA-citroen-berlingo-2025-%D8%B0%D8%B1%D8%A7%D8%B9-%D8%A8%D9%86-%D8%AE%D8%AF%D8%A9-%D8%AA%D9%8A%D8%B2%D9%8A-%D9%88%D8%B2%D9%88-%D8%A7%D9%84%D8%AC%D8%B2%D8%A7%D8%A6%D8%B1-d54399746
ROEWE I5 2026 Edition Confort,Prix non affiché,https://www.ouedkniss.com/%D8%B3%D9%8A%D8%A7%D8%B1%D8%A7%D8%AA-roewe-i5-2026-edition-confort-%D8%B4%D8%B1%D8%A7%D9%82%D8%A9-%D8%A7%D9%84%D8%AC%D8%B2%D8%A7%D8%A6%D8%B1-d56681870
Geely Coolray 2026 Battle,Prix non affiché,https://www.ouedkniss.com/%D8%B3%D9%8A%D8%A7%D8%B1%D8%A7%D8%AA-geely-coolray-2026-battle-%D8%A7%D9%84%D9%83%D8%A7%D9%84%D9%8A%D8%AA%D9%88%D8%B3-%D8%A7%D9%84%D8%AC%D8%B2%D8%A7%D8%A6%D8%B1-d56813936
Toyota Hilux 2026 GR,1 695 مليون,https://www.ouedkniss.com/%D8%B3%D9%8A%D8%A7%D8%B1%D8%A7%D8%AA-toyota-hilux-2026-gr-%D8%B3%D8%B7%D9%8A%D9%81-%D8%A7%D9%84%D8%AC%D8%B2%D8%A7%D8%A6%D8%B1-d56679665
Kia X-Ceed 2022,410 مليون,https://www.ouedkniss.com/%D8%B3%D9%8A%D8%A7%D8%B1%D8%A7%D8%AA-kia-x-ceed-2022-%D8%A8%D8%A6%D8%B1-%D8%A7%D9%84%D8%AC%D9%8A%D8%B1-%D9%88%D9%87%D8%B1%D8%A7%D9%86-%D8%A7%D9%84%D8%AC%D8%B2%D8%A7%D8%A6%D8%B1-d56737418
DFSK K07S 2026,220 مليون,https://www.ouedkniss.com/%D8%A7%D9%84%D8%B3%D9%8A%D8%A7%D8%B1%D8%A7%D8%AA-%D8%A7%D9%84%D9%86%D9%81%D8%B9%D9%8A%D8%A9-dfsk-k07s-2026-%D8%A8%D9%88%D9%85%D8%B1%D8%AF%D8%A7%D8%B3-%D8%A7%D9%84%D8%AC%D8%B2%D8%A7%D8%A6%D8%B1-d51119092
Nissan Navara 2013 Se 4x2,Prix non affiché,https://www.ouedkniss.com/%D8%B3%D9%8A%D8%A7%D8%B1%D8%A7%D8%AA-nissan-navara-2013-se-4x2-%D8%A3%D9%88%D8%B1%D9%8A%D8%B3%D9%8A%D8%A7-%D8%B3%D8%B7%D9%8A%D9%81-%D8%A7%D9%84%D8%AC%D8%B2%D8%A7%D8%A6%D8%B1-d56572214
Volkswagen Golf 7 2015 GTD,480 مليون,https://www.ouedkniss.com/%D8%B3%D9%8A%D8%A7%D8%B1%D8%A7%D8%AA-volkswagen-golf-7-2015-gtd-%D8%AA%D9%84%D9%85%D8%B3%D8%A7%D9%86-%D8%A7%D9%84%D8%AC%D8%B2%D8%A7%D8%A6%D8%B1-d56529071
Geely Coolray 2026 TOP VERSION FULL OPTION,Prix non affiché,https://www.ouedkniss.com/%D8%B3%D9%8A%D8%A7%D8%B1%D8%A7%D8%AA-geely-coolray-2026-top-version-full-option-%D8%B4%D8%B1%D8%A7%D9%82%D8%A9-%D8%A7%D9%84%D8%AC%D8%B2%D8%A7%D8%A6%D8%B1-d53417888
Geely Coolray 2026 Battle,523 مليون,https://www.ouedkniss.com/%D8%B3%D9%8A%D8%A7%D8%B1%D8%A7%D8%AA-geely-coolray-2026-battle-%D8%A8%D8%A7%D8%AA%D9%86%D8%A9-%D8%A7%D9%84%D8%AC%D8%B2%D8%A7%D8%A6%D8%B1-d56770640
Ford Focus 4 Portes 2012 Trend Sport,Prix non affiché,https://www.ouedkniss.com/%D8%B3%D9%8A%D8%A7%D8%B1%D8%A7%D8%AA-ford-focus-4-portes-2012-trend-sport-%D8%A3%D9%88%D9%84%D8%A7%D8%AF-%D9%85%D9%88%D8%B3%D9%89-%D8%A8%D9%88%D9%85%D8%B1%D8%AF%D8%A7%D8%B3-%D8%A7%D9%84%D8%AC%D8%B2%D8%A7%D8%A6%D8%B1-d56813183
Kia X-Ceed 2022,410 مليون,https://www.ouedkniss.com/%D8%B3%D9%8A%D8%A7%D8%B1%D8%A7%D8%AA-kia-x-ceed-2022-%D8%A8%D8%A6%D8%B1-%D8%A7%D9%84%D8%AC%D9%8A%D8%B1-%D9%88%D9%87%D8%B1%D8%A7%D9%86-%D8%A7%D9%84%D8%AC%D8%B2%D8%A7%D8%A6%D8%B1-d56737418
Volkswagen Tahru 2026 XR FULL BLACK TURBO,Prix non affiché,https://www.ouedkniss.com/%D8%B3%D9%8A%D8%A7%D8%B1%D8%A7%D8%AA-volkswagen-tahru-2026-xr-full-black-turbo-%D8%A8%D8%A7%D8%A8-%D8%A7%D9%84%D8%B2%D9%88%D8%A7%D8%B1-%D8%A7%D9%84%D8%AC%D8%B2%D8%A7%D8%A6%D8%B1-d54246377
Citroen Berlingo 2025,Prix non affiché,https://www.ouedkniss.com/%D8%B3%D9%8A%D8%A7%D8%B1%D8%A7%D8%AA-citroen-berlingo-2025-%D8%B0%D8%B1%D8%A7%D8%B9-%D8%A8%D9%86-%D8%AE%D8%AF%D8%A9-%D8%AA%D9%8A%D8%B2%D9%8A-%D9%88%D8%B2%D9%88-%D8%A7%D9%84%D8%AC%D8%B2%D8%A7%D8%A6%D8%B1-d54399746
Toyota Urbain Cruiser 2026 GLX,Prix non affiché,https://www.ouedkniss.com/%D8%B3%D9%8A%D8%A7%D8%B1%D8%A7%D8%AA-toyota-urbain-cruiser-2026-glx-%D8%B0%D8%B1%D8%A7%D8%B9-%D8%A8%D9%86-%D8%AE%D8%AF%D8%A9-%D8%AA%D9%8A%D8%B2%D9%8A-%D9%88%D8%B2%D9%88-%D8%A7%D9%84%D8%AC%D8%B2%D8%A7%D8%A6%D8%B1-d55453705
Fiat 500x 2026 Club,Prix non affiché,https://www.ouedkniss.com/%D8%B3%D9%8A%D8%A7%D8%B1%D8%A7%D8%AA-fiat-500x-2026-club-%D9%88%D9%87%D8%B1%D8%A7%D9%86-%D8%A7%D9%84%D8%AC%D8%B2%D8%A7%D8%A6%D8%B1-d55877191
ROEWE I5 2026 Edition Confort,Prix non affiché,https://www.ouedkniss.com/%D8%B3%D9%8A%D8%A7%D8%B1%D8%A7%D8%AA-roewe-i5-2026-edition-confort-%D8%B4%D8%B1%D8%A7%D9%82%D8%A9-%D8%A7%D9%84%D8%AC%D8%B2%D8%A7%D8%A6%D8%B1-d56681870
Volkswagen T-Roc 2026 R Line Pack Chrome,Prix non affiché,https://www.ouedkniss.com/%D8%B3%D9%8A%D8%A7%D8%B1%D8%A7%D8%AA-volkswagen-t-roc-2026-r-line-pack-chrome-%D8%A8%D8%A7%D8%A8-%D8%A7%D9%84%D8%B2%D9%88%D8%A7%D8%B1-%D8%A7%D9%84%D8%AC%D8%B2%D8%A7%D8%A6%D8%B1-d54871490
HIDROMEK Pelle À Hydraulique Chenille 310 LC,Prix non affiché,https://www.ouedkniss.com/%D8%A2%D9%84%D8%A9-hidromek-pelle-a-hydraulique-chenille-310-lc-%D8%A8%D8%A6%D8%B1-%D8%AA%D9%88%D8%AA%D8%A9-%D8%A7%D9%84%D8%AC%D8%B2%D8%A7%D8%A6%D8%B1-d39424543
DAEMO Benne Preneuse DMCB 800,Prix non affiché,https://www.ouedkniss.com/%D8%A2%D9%84%D8%A9-daemo-benne-preneuse-dmcb-800-%D8%A8%D8%A6%D8%B1-%D8%AA%D9%88%D8%AA%D8%A9-%D8%A7%D9%84%D8%AC%D8%B2%D8%A7%D8%A6%D8%B1-d39315789
Citroen Berlingo 2025,Prix non affiché,https://www.ouedkniss.com/%D8%B3%D9%8A%D8%A7%D8%B1%D8%A7%D8%AA-citroen-berlingo-2025-%D8%B0%D8%B1%D8%A7%D8%B9-%D8%A8%D9%86-%D8%AE%D8%AF%D8%A9-%D8%AA%D9%8A%D8%B2%D9%8A-%D9%88%D8%B2%D9%88-%D8%A7%D9%84%D8%AC%D8%B2%D8%A7%D8%A6%D8%B1-d54399746
Geely Coolray 2026 Battle,523 مليون,https://www.ouedkniss.com/%D8%B3%D9%8A%D8%A7%D8%B1%D8%A7%D8%AA-geely-coolray-2026-battle-%D8%A8%D8%A7%D8%AA%D9%86%D8%A9-%D8%A7%D9%84%D8%AC%D8%B2%D8%A7%D8%A6%D8%B1-d56770640
Volkswagen Golf 8 2026,Prix non affiché,https://www.ouedkniss.com/%D8%B3%D9%8A%D8%A7%D8%B1%D8%A7%D8%AA-volkswagen-golf-8-2026-%D8%B0%D8%B1%D8%A7%D8%B9-%D8%A8%D9%86-%D8%AE%D8%AF%D8%A9-%D8%AA%D9%8A%D8%B2%D9%8A-%D9%88%D8%B2%D9%88-%D8%A7%D9%84%D8%AC%D8%B2%D8%A7%D8%A6%D8%B1-d56501036
Renault Taliant 2025,415 مليون,https://www.ouedkniss.com/%D8%B3%D9%8A%D8%A7%D8%B1%D8%A7%D8%AA-renault-taliant-2025-%D8%B4%D8%B1%D8%A7%D9%82%D8%A9-%D8%A7%D9%84%D8%AC%D8%B2%D8%A7%D8%A6%D8%B1-d56732939
HIDROMEK Retro Chargeur,Prix non affiché,https://www.ouedkniss.com/%D8%A2%D9%84%D8%A9-hidromek-retro-chargeur-%D8%A8%D8%A6%D8%B1-%D8%AA%D9%88%D8%AA%D8%A9-%D8%A7%D9%84%D8%AC%D8%B2%D8%A7%D8%A6%D8%B1-d39315151
Geely GX3 PRO 2026 International Avec Toit,363 مليون,https://www.ouedkniss.com/%D8%B3%D9%8A%D8%A7%D8%B1%D8%A7%D8%AA-geely-gx3-pro-2026-international-avec-toit-%D8%B9%D9%8A%D9%86-%D9%88%D8%B3%D8%A7%D8%B1%D8%A9-%D8%A8%D9%88%D8%BA%D8%B2%D9%88%D9%84-%D8%A7%D9%84%D8%AC%D9%84%D9%81%D8%A9-%D8%A7%D9%84%D8%AC%D8%B2%D8%A7%D8%A6%D8%B1-d56755703
Skoda Kamiq 2025 Gt,515 مليون,https://www.ouedkniss.com/%D8%B3%D9%8A%D8%A7%D8%B1%D8%A7%D8%AA-skoda-kamiq-2025-gt-%D8%AF%D8%B1%D8%A7%D8%B1%D9%8A%D8%A9-%D8%A7%D9%84%D8%AC%D8%B2%D8%A7%D8%A6%D8%B1-d55324873
MG MG5 2026 MG Global Luxury Edition,Prix non affiché,https://www.ouedkniss.com/%D8%B3%D9%8A%D8%A7%D8%B1%D8%A7%D8%AA-mg-mg5-2026-global-luxury-edition-%D8%B4%D8%B1%D8%A7%D9%82%D8%A9-%D8%A7%D9%84%D8%AC%D8%B2%D8%A7%D8%A6%D8%B1-d56801180
Volkswagen Tharu XR 2026,555 مليون,https://www.ouedkniss.com/%D8%B3%D9%8A%D8%A7%D8%B1%D8%A7%D8%AA-volkswagen-tharu-xr-2026-%D8%A7%D9%84%D9%82%D9%84%D9%8A%D8%B9%D8%A9-%D8%AA%D9%8A%D8%A8%D8%A7%D8%B2%D8%A9-%D8%A7%D9%84%D8%AC%D8%B2%D8%A7%D8%A6%D8%B1-d55986412
Skoda Kamiq 2025 GT,Prix non affiché,https://www.ouedkniss.com/%D8%B3%D9%8A%D8%A7%D8%B1%D8%A7%D8%AA-skoda-kamiq-2025-gt-%D8%B4%D8%B1%D8%A7%D9%82%D8%A9-%D8%A7%D9%84%D8%AC%D8%B2%D8%A7%D8%A6%D8%B1-d56411686
Peugeot Rifter 2026 Allure,Prix non affiché,https://www.ouedkniss.com/%D8%B3%D9%8A%D8%A7%D8%B1%D8%A7%D8%AA-peugeot-rifter-2026-allure-%D8%B0%D8%B1%D8%A7%D8%B9-%D8%A8%D9%86-%D8%AE%D8%AF%D8%A9-%D8%AA%D9%8A%D8%B2%D9%8A-%D9%88%D8%B2%D9%88-%D8%A7%D9%84%D8%AC%D8%B2%D8%A7%D8%A6%D8%B1-d55452733
HIDROMEK Retro Chargeur,Prix non affiché,https://www.ouedkniss.com/%D8%A2%D9%84%D8%A9-hidromek-retro-chargeur-%D8%A8%D8%A6%D8%B1-%D8%AA%D9%88%D8%AA%D8%A9-%D8%A7%D9%84%D8%AC%D8%B2%D8%A7%D8%A6%D8%B1-d39315151
Shangan X5 Plus 2026 Flagship,Prix non affiché,https://www.ouedkniss.com/%D8%B3%D9%8A%D8%A7%D8%B1%D8%A7%D8%AA-shangan-x5-plus-2026-flagship-%D8%A8%D8%A7%D8%A8-%D8%A7%D9%84%D8%B2%D9%88%D8%A7%D8%B1-%D8%A7%D9%84%D8%AC%D8%B2%D8%A7%D8%A6%D8%B1-d56459266
Volkswagen Tharu XR 2026,555 مليون,https://www.ouedkniss.com/%D8%B3%D9%8A%D8%A7%D8%B1%D8%A7%D8%AA-volkswagen-tharu-xr-2026-%D8%A7%D9%84%D9%82%D9%84%D9%8A%D8%B9%D8%A9-%D8%AA%D9%8A%D8%A8%D8%A7%D8%B2%D8%A9-%D8%A7%D9%84%D8%AC%D8%B2%D8%A7%D8%A6%D8%B1-d55986412
ROEWE I5 2026 Edition Confort,Prix non affiché,https://www.ouedkniss.com/%D8%B3%D9%8A%D8%A7%D8%B1%D8%A7%D8%AA-roewe-i5-2026-edition-confort-%D8%B4%D8%B1%D8%A7%D9%82%D8%A9-%D8%A7%D9%84%D8%AC%D8%B2%D8%A7%D8%A6%D8%B1-d56681870
Peugeot Rifter 2026 Allure,Prix non affiché,https://www.ouedkniss.com/%D8%B3%D9%8A%D8%A7%D8%B1%D8%A7%D8%AA-peugeot-rifter-2026-allure-%D8%B0%D8%B1%D8%A7%D8%B9-%D8%A8%D9%86-%D8%AE%D8%AF%D8%A9-%D8%AA%D9%8A%D8%B2%D9%8A-%D9%88%D8%B2%D9%88-%D8%A7%D9%84%D8%AC%D8%B2%D8%A7%D8%A6%D8%B1-d55452733
Jetta VS5 2026,Prix non affiché,https://www.ouedkniss.com/%D8%B3%D9%8A%D8%A7%D8%B1%D8%A7%D8%AA-jetta-vs5-2026-%D8%B4%D8%B1%D8%A7%D9%82%D8%A9-%D8%A7%D9%84%D8%AC%D8%B2%D8%A7%D8%A6%D8%B1-d56766056
Geely Coolray 2026,515 مليون,https://www.ouedkniss.com/%D8%B3%D9%8A%D8%A7%D8%B1%D8%A7%D8%AA-geely-coolray-2026-%D8%B3%D8%B7%D9%8A%D9%81-%D8%A7%D9%84%D8%AC%D8%B2%D8%A7%D8%A6%D8%B1-d56556371
Fiat Tipo Sedan 2026 Life,Prix non affiché,https://www.ouedkniss.com/%D8%B3%D9%8A%D8%A7%D8%B1%D8%A7%D8%AA-fiat-tipo-sedan-2026-life-%D8%B0%D8%B1%D8%A7%D8%B9-%D8%A8%D9%86-%D8%AE%D8%AF%D8%A9-%D8%AA%D9%8A%D8%B2%D9%8A-%D9%88%D8%B2%D9%88-%D8%A7%D9%84%D8%AC%D8%B2%D8%A7%D8%A6%D8%B1-d55452523
ROEWE I5 2026 Edition Confort,Prix non affiché,https://www.ouedkniss.com/%D8%B3%D9%8A%D8%A7%D8%B1%D8%A7%D8%AA-roewe-i5-2026-edition-confort-%D8%B4%D8%B1%D8%A7%D9%82%D8%A9-%D8%A7%D9%84%D8%AC%D8%B2%D8%A7%D8%A6%D8%B1-d56681870
Volkswagen Tiguan L 2026,830 مليون,https://www.ouedkniss.com/%D8%B3%D9%8A%D8%A7%D8%B1%D8%A7%D8%AA-volkswagen-tiguan-l-2026-%D8%A8%D8%B1%D8%A7%D9%82%D9%8A-%D8%A7%D9%84%D8%AC%D8%B2%D8%A7%D8%A6%D8%B1-d55913584
Volkswagen Tharu XR 2026,555 مليون,https://www.ouedkniss.com/%D8%B3%D9%8A%D8%A7%D8%B1%D8%A7%D8%AA-volkswagen-tharu-xr-2026-%D8%A7%D9%84%D9%82%D9%84%D9%8A%D8%B9%D8%A9-%D8%AA%D9%8A%D8%A8%D8%A7%D8%B2%D8%A9-%D8%A7%D9%84%D8%AC%D8%B2%D8%A7%D8%A6%D8%B1-d55986412
Geely Starray 2026 Full Options,710 مليون,https://www.ouedkniss.com/%D8%B3%D9%8A%D8%A7%D8%B1%D8%A7%D8%AA-geely-starray-2026-full-options-%D8%A8%D8%A7%D8%A8-%D8%A7%D9%84%D8%B2%D9%88%D8%A7%D8%B1-%D8%A7%D9%84%D8%AC%D8%B2%D8%A7%D8%A6%D8%B1-d56697260
HIDROMEK Pelle À Hydraulique Chenille 310 LC,Prix non affiché,https://www.ouedkniss.com/%D8%A2%D9%84%D8%A9-hidromek-pelle-a-hydraulique-chenille-310-lc-%D8%A8%D8%A6%D8%B1-%D8%AA%D9%88%D8%AA%D8%A9-%D8%A7%D9%84%D8%AC%D8%B2%D8%A7%D8%A6%D8%B1-d39424543
MG5 GLOBAL LUXURY 2026,Prix non affiché,https://www.ouedkniss.com/%D8%B3%D9%8A%D8%A7%D8%B1%D8%A7%D8%AA-mg5-global-luxury-2026-%D8%B4%D8%B1%D8%A7%D9%82%D8%A9-%D8%A7%D9%84%D8%AC%D8%B2%D8%A7%D8%A6%D8%B1-d56623094
Volkswagen T-Roc 2026 Star Light Edition,Prix non affiché,https://www.ouedkniss.com/%D8%B3%D9%8A%D8%A7%D8%B1%D8%A7%D8%AA-volkswagen-t-roc-2026-star-light-edition-%D8%B4%D8%B1%D8%A7%D9%82%D8%A9-%D8%A7%D9%84%D8%AC%D8%B2%D8%A7%D8%A6%D8%B1-d55517743
DAEMO Benne Preneuse DMCB 800,Prix non affiché,https://www.ouedkniss.com/%D8%A2%D9%84%D8%A9-daemo-benne-preneuse-dmcb-800-%D8%A8%D8%A6%D8%B1-%D8%AA%D9%88%D8%AA%D8%A9-%D8%A7%D9%84%D8%AC%D8%B2%D8%A7%D8%A6%D8%B1-d39315789
Nissan Juke 2019 Acenta,390 مليون,https://www.ouedkniss.com/%D8%B3%D9%8A%D8%A7%D8%B1%D8%A7%D8%AA-nissan-juke-2019-acenta-%D8%AA%D8%A8%D8%B3%D8%A9-%D8%A7%D9%84%D8%AC%D8%B2%D8%A7%D8%A6%D8%B1-d55423360
MG MG5 2026 MG Global Luxury Edition,Prix non affiché,https://www.ouedkniss.com/%D8%B3%D9%8A%D8%A7%D8%B1%D8%A7%D8%AA-mg-mg5-2026-global-luxury-edition-%D8%B4%D8%B1%D8%A7%D9%82%D8%A9-%D8%A7%D9%84%D8%AC%D8%B2%D8%A7%D8%A6%D8%B1-d56801180
Jetour Dashing 2026 Luxury,1 مليون,https://www.ouedkniss.com/%D8%B3%D9%8A%D8%A7%D8%B1%D8%A7%D8%AA-jetour-dashing-2026-luxury-%D8%A7%D9%84%D8%B9%D9%84%D9%85%D8%A9-%D8%B3%D8%B7%D9%8A%D9%81-%D8%A7%D9%84%D8%AC%D8%B2%D8%A7%D8%A6%D8%B1-d56846516
Geely Coolray 2026,515 مليون,https://www.ouedkniss.com/%D8%B3%D9%8A%D8%A7%D8%B1%D8%A7%D8%AA-geely-coolray-2026-%D8%B3%D8%B7%D9%8A%D9%81-%D8%A7%D9%84%D8%AC%D8%B2%D8%A7%D8%A6%D8%B1-d56556371
Geely Coolray 2026 TOP VERSION FULL OPTION,Prix non affiché,https://www.ouedkniss.com/%D8%B3%D9%8A%D8%A7%D8%B1%D8%A7%D8%AA-geely-coolray-2026-top-version-full-option-%D8%B4%D8%B1%D8%A7%D9%82%D8%A9-%D8%A7%D9%84%D8%AC%D8%B2%D8%A7%D8%A6%D8%B1-d53417888
Shangan X5 Plus 2026 Flagship,Prix non affiché,https://www.ouedkniss.com/%D8%B3%D9%8A%D8%A7%D8%B1%D8%A7%D8%AA-shangan-x5-plus-2026-flagship-%D8%A8%D8%A7%D8%A8-%D8%A7%D9%84%D8%B2%D9%88%D8%A7%D8%B1-%D8%A7%D9%84%D8%AC%D8%B2%D8%A7%D8%A6%D8%B1-d56459266
Peugeot Rifter 2026 Allure,Prix non affiché,https://www.ouedkniss.com/%D8%B3%D9%8A%D8%A7%D8%B1%D8%A7%D8%AA-peugeot-rifter-2026-allure-%D8%B0%D8%B1%D8%A7%D8%B9-%D8%A8%D9%86-%D8%AE%D8%AF%D8%A9-%D8%AA%D9%8A%D8%B2%D9%8A-%D9%88%D8%B2%D9%88-%D8%A7%D9%84%D8%AC%D8%B2%D8%A7%D8%A6%D8%B1-d55452733
Fiat 500x 2026 Club,Prix non affiché,https://www.ouedkniss.com/%D8%B3%D9%8A%D8%A7%D8%B1%D8%A7%D8%AA-fiat-500x-2026-club-%D9%88%D9%87%D8%B1%D8%A7%D9%86-%D8%A7%D9%84%D8%AC%D8%B2%D8%A7%D8%A6%D8%B1-d55877191
Fiat 500 2023 Dolcevita Plus,1 مليون,https://www.ouedkniss.com/%D8%B3%D9%8A%D8%A7%D8%B1%D8%A7%D8%AA-fiat-500-2023-dolcevita-plus-%D8%A7%D9%84%D8%B1%D8%BA%D8%A7%D9%8A%D8%A9-%D8%A7%D9%84%D8%AC%D8%B2%D8%A7%D8%A6%D8%B1-d56499665
Geely Coolray 2026 Full Opsyon,Prix non affiché,https://www.ouedkniss.com/%D8%B3%D9%8A%D8%A7%D8%B1%D8%A7%D8%AA-geely-coolray-2026-full-opsyon-%D8%B4%D8%B1%D8%A7%D9%82%D8%A9-%D8%A7%D9%84%D8%AC%D8%B2%D8%A7%D8%A6%D8%B1-d56817368
Geely Coolray 2026 Full Options,510 مليون,https://www.ouedkniss.com/%D8%B3%D9%8A%D8%A7%D8%B1%D8%A7%D8%AA-geely-coolray-2026-full-options-%D8%B4%D8%B1%D8%A7%D9%82%D8%A9-%D8%A7%D9%84%D8%AC%D8%B2%D8%A7%D8%A6%D8%B1-d56648600
MG MG5 2026 MG Global Luxury Edition,Prix non affiché,https://www.ouedkniss.com/%D8%B3%D9%8A%D8%A7%D8%B1%D8%A7%D8%AA-mg-mg5-2026-global-luxury-edition-%D8%B4%D8%B1%D8%A7%D9%82%D8%A9-%D8%A7%D9%84%D8%AC%D8%B2%D8%A7%D8%A6%D8%B1-d56801180
Yamaha Xmax 300 2020,138 مليون,https://www.ouedkniss.com/%D8%AF%D8%B1%D8%A7%D8%AC%D8%A7%D8%AA-%D9%86%D8%A7%D8%B1%D9%8A%D8%A9-%D9%88%D8%B3%D9%83%D9%88%D8%AA%D8%B1%D8%A7%D8%AA-yamaha-xmax-300-2020-%D8%B4%D8%B1%D8%A7%D9%82%D8%A9-%D8%A7%D9%84%D8%AC%D8%B2%D8%A7%D8%A6%D8%B1-d56741537
Toyota Urbain Cruiser 2026 GLX,Prix non affiché,https://www.ouedkniss.com/%D8%B3%D9%8A%D8%A7%D8%B1%D8%A7%D8%AA-toyota-urbain-cruiser-2026-glx-%D8%B0%D8%B1%D8%A7%D8%B9-%D8%A8%D9%86-%D8%AE%D8%AF%D8%A9-%D8%AA%D9%8A%D8%B2%D9%8A-%D9%88%D8%B2%D9%88-%D8%A7%D9%84%D8%AC%D8%B2%D8%A7%D8%A6%D8%B1-d55453705
Volkswagen Lavida 2026 XR Full Options,478 مليون,https://www.ouedkniss.com/%D8%B3%D9%8A%D8%A7%D8%B1%D8%A7%D8%AA-volkswagen-lavida-2026-xr-full-options-%D8%AC%D9%8A%D8%AC%D9%84-%D8%A7%D9%84%D8%AC%D8%B2%D8%A7%D8%A6%D8%B1-d54911794
Volkswagen Tharu XR 2026,555 مليون,https://www.ouedkniss.com/%D8%B3%D9%8A%D8%A7%D8%B1%D8%A7%D8%AA-volkswagen-tharu-xr-2026-%D8%A7%D9%84%D9%82%D9%84%D9%8A%D8%B9%D8%A9-%D8%AA%D9%8A%D8%A8%D8%A7%D8%B2%D8%A9-%D8%A7%D9%84%D8%AC%D8%B2%D8%A7%D8%A6%D8%B1-d55986412
Geely Coolray 2026 Full Options,510 مليون,https://www.ouedkniss.com/%D8%B3%D9%8A%D8%A7%D8%B1%D8%A7%D8%AA-geely-coolray-2026-full-options-%D8%B4%D8%B1%D8%A7%D9%82%D8%A9-%D8%A7%D9%84%D8%AC%D8%B2%D8%A7%D8%A6%D8%B1-d56648600
Volkswagen Tahru 2026 XR FULL BLACK TURBO,Prix non affiché,https://www.ouedkniss.com/%D8%B3%D9%8A%D8%A7%D8%B1%D8%A7%D8%AA-volkswagen-tahru-2026-xr-full-black-turbo-%D8%A8%D8%A7%D8%A8-%D8%A7%D9%84%D8%B2%D9%88%D8%A7%D8%B1-%D8%A7%D9%84%D8%AC%D8%B2%D8%A7%D8%A6%D8%B1-d54246377
Geely Coolray 2026 Tout Option,515 مليون,https://www.ouedkniss.com/%D8%B3%D9%8A%D8%A7%D8%B1%D8%A7%D8%AA-geely-coolray-2026-tout-option-%D9%82%D8%B3%D9%86%D8%B7%D9%8A%D9%86%D8%A9-%D8%A7%D9%84%D8%AC%D8%B2%D8%A7%D8%A6%D8%B1-d54221363
Toyota TUNDRA 2025 TRD PRO 00 Km,Prix non affiché,https://www.ouedkniss.com/%D8%A7%D9%84%D8%B3%D9%8A%D8%A7%D8%B1%D8%A7%D8%AA-%D8%A7%D9%84%D9%86%D9%81%D8%B9%D9%8A%D8%A9-toyota-tundra-2025-trd-pro-00-km-%D8%AD%D9%8A%D8%AF%D8%B1%D8%A9-%D8%A7%D9%84%D8%AC%D8%B2%D8%A7%D8%A6%D8%B1-d54148010
Geely GX3 PRO 2026 International Avec Toit,363 مليون,https://www.ouedkniss.com/%D8%B3%D9%8A%D8%A7%D8%B1%D8%A7%D8%AA-geely-gx3-pro-2026-international-avec-toit-%D8%B9%D9%8A%D9%86-%D9%88%D8%B3%D8%A7%D8%B1%D8%A9-%D8%A8%D9%88%D8%BA%D8%B2%D9%88%D9%84-%D8%A7%D9%84%D8%AC%D9%84%D9%81%D8%A9-%D8%A7%D9%84%D8%AC%D8%B2%D8%A7%D8%A6%D8%B1-d56755703
Chery Tiggo 7 Pro 2026 Comfort,Prix non affiché,https://www.ouedkniss.com/%D8%B3%D9%8A%D8%A7%D8%B1%D8%A7%D8%AA-chery-tiggo-7-pro-2026-comfort-%D8%AA%D9%8A%D8%B2%D9%8A-%D9%88%D8%B2%D9%88-%D8%A7%D9%84%D8%AC%D8%B2%D8%A7%D8%A6%D8%B1-d55076404
"AMMANN Compacteur Manuel, Plaque Vibrante Et Pilonneuse",Prix non affiché,https://www.ouedkniss.com/%D8%A2%D9%84%D8%A9-ammann-compacteur-manuel-plaque-vibrante-et-pilonneuse-%D8%A8%D8%A6%D8%B1-%D8%AA%D9%88%D8%AA%D8%A9-%D8%A7%D9%84%D8%AC%D8%B2%D8%A7%D8%A6%D8%B1-d39315891
Geely Coolray 2026 TOP VERSION FULL OPTION,Prix non affiché,https://www.ouedkniss.com/%D8%B3%D9%8A%D8%A7%D8%B1%D8%A7%D8%AA-geely-coolray-2026-top-version-full-option-%D8%B4%D8%B1%D8%A7%D9%82%D8%A9-%D8%A7%D9%84%D8%AC%D8%B2%D8%A7%D8%A6%D8%B1-d53417888
Volkswagen T-Roc 2026 R-Line,Prix non affiché,https://www.ouedkniss.com/%D8%B3%D9%8A%D8%A7%D8%B1%D8%A7%D8%AA-volkswagen-t-roc-2026-r-line-%D8%B4%D8%B1%D8%A7%D9%82%D8%A9-%D8%A7%D9%84%D8%AC%D8%B2%D8%A7%D8%A6%D8%B1-d56213497
MG5 GLOBAL LUXURY 2026,Prix non affiché,https://www.ouedkniss.com/%D8%B3%D9%8A%D8%A7%D8%B1%D8%A7%D8%AA-mg5-global-luxury-2026-%D8%B4%D8%B1%D8%A7%D9%82%D8%A9-%D8%A7%D9%84%D8%AC%D8%B2%D8%A7%D8%A6%D8%B1-d56623094
Livan X3 Pro 2026 Automatique (Avec Toi Ouvrant ),365 مليون,https://www.ouedkniss.com/%D8%B3%D9%8A%D8%A7%D8%B1%D8%A7%D8%AA-livan-x3-pro-2026-automatique-avec-toi-ouvrant-%D8%A7%D9%84%D8%A8%D9%84%D9%8A%D8%AF%D8%A9-%D8%A7%D9%84%D8%AC%D8%B2%D8%A7%D8%A6%D8%B1-d56707286
Toyota Hilux 2026 TOYOTA HILUX DC DIESEL 2.4L 4x4 HI 6AT A,Prix non affiché,https://www.ouedkniss.com/%D8%A7%D9%84%D8%B3%D9%8A%D8%A7%D8%B1%D8%A7%D8%AA-%D8%A7%D9%84%D9%86%D9%81%D8%B9%D9%8A%D8%A9-toyota-hilux-2026-dc-diesel-24l-4x4-hi-6at-a-%D8%AD%D9%8A%D8%AF%D8%B1%D8%A9-%D8%A7%D9%84%D8%AC%D8%B2%D8%A7%D8%A6%D8%B1-d56802083
Dongfeng Fengshen 2025 Gs,470 مليون,https://www.ouedkniss.com/%D8%B3%D9%8A%D8%A7%D8%B1%D8%A7%D8%AA-dongfeng-fengshen-2025-gs-%D9%88%D9%87%D8%B1%D8%A7%D9%86-%D8%A7%D9%84%D8%AC%D8%B2%D8%A7%D8%A6%D8%B1-d56783789
Geely Coolray 2026 TOP VERSION FULL OPTION,Prix non affiché,https://www.ouedkniss.com/%D8%B3%D9%8A%D8%A7%D8%B1%D8%A7%D8%AA-geely-coolray-2026-top-version-full-option-%D8%B4%D8%B1%D8%A7%D9%82%D8%A9-%D8%A7%D9%84%D8%AC%D8%B2%D8%A7%D8%A6%D8%B1-d53417888
Ford Focus 4 Portes 2012 Trend Sport,Prix non affiché,https://www.ouedkniss.com/%D8%B3%D9%8A%D8%A7%D8%B1%D8%A7%D8%AA-ford-focus-4-portes-2012-trend-sport-%D8%A3%D9%88%D9%84%D8%A7%D8%AF-%D9%85%D9%88%D8%B3%D9%89-%D8%A8%D9%88%D9%85%D8%B1%D8%AF%D8%A7%D8%B3-%D8%A7%D9%84%D8%AC%D8%B2%D8%A7%D8%A6%D8%B1-d56813183
Nissan Navara 2013 Se 4x2,Prix non affiché,https://www.ouedkniss.com/%D8%B3%D9%8A%D8%A7%D8%B1%D8%A7%D8%AA-nissan-navara-2013-se-4x2-%D8%A3%D9%88%D8%B1%D9%8A%D8%B3%D9%8A%D8%A7-%D8%B3%D8%B7%D9%8A%D9%81-%D8%A7%D9%84%D8%AC%D8%B2%D8%A7%D8%A6%D8%B1-d56572214
HIDROMEK Retro Chargeur,Prix non affiché,https://www.ouedkniss.com/%D8%A2%D9%84%D8%A9-hidromek-retro-chargeur-%D8%A8%D8%A6%D8%B1-%D8%AA%D9%88%D8%AA%D8%A9-%D8%A7%D9%84%D8%AC%D8%B2%D8%A7%D8%A6%D8%B1-d39315151
Volkswagen Tharu XR 2026,555 مليون,https://www.ouedkniss.com/%D8%B3%D9%8A%D8%A7%D8%B1%D8%A7%D8%AA-volkswagen-tharu-xr-2026-%D8%A7%D9%84%D9%82%D9%84%D9%8A%D8%B9%D8%A9-%D8%AA%D9%8A%D8%A8%D8%A7%D8%B2%D8%A9-%D8%A7%D9%84%D8%AC%D8%B2%D8%A7%D8%A6%D8%B1-d55986412
Jetour Dashing 2026 Luxury,1 مليون,https://www.ouedkniss.com/%D8%B3%D9%8A%D8%A7%D8%B1%D8%A7%D8%AA-jetour-dashing-2026-luxury-%D8%A7%D9%84%D8%B9%D9%84%D9%85%D8%A9-%D8%B3%D8%B7%D9%8A%D9%81-%D8%A7%D9%84%D8%AC%D8%B2%D8%A7%D8%A6%D8%B1-d56846516
Livan X3 Pro 2026 Automatique (Avec Toi Ouvrant ),365 مليون,https://www.ouedkniss.com/%D8%B3%D9%8A%D8%A7%D8%B1%D8%A7%D8%AA-livan-x3-pro-2026-automatique-avec-toi-ouvrant-%D8%A7%D9%84%D8%A8%D9%84%D9%8A%D8%AF%D8%A9-%D8%A7%D9%84%D8%AC%D8%B2%D8%A7%D8%A6%D8%B1-d56707286
MG5 GLOBAL LUXURY 2026,Prix non affiché,https://www.ouedkniss.com/%D8%B3%D9%8A%D8%A7%D8%B1%D8%A7%D8%AA-mg5-global-luxury-2026-%D8%B4%D8%B1%D8%A7%D9%82%D8%A9-%D8%A7%D9%84%D8%AC%D8%B2%D8%A7%D8%A6%D8%B1-d56623094
Dongfeng Fengshen 2025 Gs,470 مليون,https://www.ouedkniss.com/%D8%B3%D9%8A%D8%A7%D8%B1%D8%A7%D8%AA-dongfeng-fengshen-2025-gs-%D9%88%D9%87%D8%B1%D8%A7%D9%86-%D8%A7%D9%84%D8%AC%D8%B2%D8%A7%D8%A6%D8%B1-d56783789
"AMMANN Compacteur Manuel, Plaque Vibrante Et Pilonneuse",Prix non affiché,https://www.ouedkniss.com/%D8%A2%D9%84%D8%A9-ammann-compacteur-manuel-plaque-vibrante-et-pilonneuse-%D8%A8%D8%A6%D8%B1-%D8%AA%D9%88%D8%AA%D8%A9-%D8%A7%D9%84%D8%AC%D8%B2%D8%A7%D8%A6%D8%B1-d39315891
Volkswagen T-Roc 2026 Star Light Edition,Prix non affiché,https://www.ouedkniss.com/%D8%B3%D9%8A%D8%A7%D8%B1%D8%A7%D8%AA-volkswagen-t-roc-2026-star-light-edition-%D8%B4%D8%B1%D8%A7%D9%82%D8%A9-%D8%A7%D9%84%D8%AC%D8%B2%D8%A7%D8%A6%D8%B1-d55517743
Fiat Tipo Sedan 2026 Life,Prix non affiché,https://www.ouedkniss.com/%D8%B3%D9%8A%D8%A7%D8%B1%D8%A7%D8%AA-fiat-tipo-sedan-2026-life-%D8%B0%D8%B1%D8%A7%D8%B9-%D8%A8%D9%86-%D8%AE%D8%AF%D8%A9-%D8%AA%D9%8A%D8%B2%D9%8A-%D9%88%D8%B2%D9%88-%D8%A7%D9%84%D8%AC%D8%B2%D8%A7%D8%A6%D8%B1-d55452523
Ford Focus 4 Portes 2012 Trend Sport,Prix non affiché,https://www.ouedkniss.com/%D8%B3%D9%8A%D8%A7%D8%B1%D8%A7%D8%AA-ford-focus-4-portes-2012-trend-sport-%D8%A3%D9%88%D9%84%D8%A7%D8%AF-%D9%85%D9%88%D8%B3%D9%89-%D8%A8%D9%88%D9%85%D8%B1%D8%AF%D8%A7%D8%B3-%D8%A7%D9%84%D8%AC%D8%B2%D8%A7%D8%A6%D8%B1-d56813183
Jetour X90plus 2025,700 مليون,https://www.ouedkniss.com/%D8%B3%D9%8A%D8%A7%D8%B1%D8%A7%D8%AA-jetour-x90plus-2025-%D8%AA%D8%A8%D8%B3%D8%A9-%D8%A7%D9%84%D8%AC%D8%B2%D8%A7%D8%A6%D8%B1-d55995178
Geely Coolray 2026 Battle,523 مليون,https://www.ouedkniss.com/%D8%B3%D9%8A%D8%A7%D8%B1%D8%A7%D8%AA-geely-coolray-2026-battle-%D8%A8%D8%A7%D8%AA%D9%86%D8%A9-%D8%A7%D9%84%D8%AC%D8%B2%D8%A7%D8%A6%D8%B1-d56770640
Kia X-Ceed 2022,410 مليون,https://www.ouedkniss.com/%D8%B3%D9%8A%D8%A7%D8%B1%D8%A7%D8%AA-kia-x-ceed-2022-%D8%A8%D8%A6%D8%B1-%D8%A7%D9%84%D8%AC%D9%8A%D8%B1-%D9%88%D9%87%D8%B1%D8%A7%D9%86-%D8%A7%D9%84%D8%AC%D8%B2%D8%A7%D8%A6%D8%B1-d56737418
Volkswagen Tharu XR 2026,555 مليون,https://www.ouedkniss.com/%D8%B3%D9%8A%D8%A7%D8%B1%D8%A7%D8%AA-volkswagen-tharu-xr-2026-%D8%A7%D9%84%D9%82%D9%84%D9%8A%D8%B9%D8%A9-%D8%AA%D9%8A%D8%A8%D8%A7%D8%B2%D8%A9-%D8%A7%D9%84%D8%AC%D8%B2%D8%A7%D8%A6%D8%B1-d55986412
Chery Tiggo 7 Pro 2026 Comfort,Prix non affiché,https://www.ouedkniss.com/%D8%B3%D9%8A%D8%A7%D8%B1%D8%A7%D8%AA-chery-tiggo-7-pro-2026-comfort-%D8%AA%D9%8A%D8%B2%D9%8A-%D9%88%D8%B2%D9%88-%D8%A7%D9%84%D8%AC%D8%B2%D8%A7%D8%A6%D8%B1-d55076404
Skoda Superb 2021 Sportline,Prix non affiché,https://www.ouedkniss.com/%D8%B3%D9%8A%D8%A7%D8%B1%D8%A7%D8%AA-skoda-superb-2021-sportline-%D8%B3%D8%B7%D9%8A%D9%81-%D8%A7%D9%84%D8%AC%D8%B2%D8%A7%D8%A6%D8%B1-d56607491
Skoda Kamiq 2026 GT,525 مليون,https://www.ouedkniss.com/%D8%B3%D9%8A%D8%A7%D8%B1%D8%A7%D8%AA-skoda-kamiq-2026-gt-%D8%A7%D9%84%D9%85%D9%8A%D9%84%D9%8A%D8%A9-%D8%AC%D9%8A%D8%AC%D9%84-%D8%A7%D9%84%D8%AC%D8%B2%D8%A7%D8%A6%D8%B1-d55346410
Volkswagen Tharu XR 2025 Enjoy Edition,Prix non affiché,https://www.ouedkniss.com/%D8%B3%D9%8A%D8%A7%D8%B1%D8%A7%D8%AA-volkswagen-tharu-xr-2025-enjoy-edition-%D8%A8%D8%B1%D8%AC-%D8%A8%D9%88%D8%B9%D8%B1%D9%8A%D8%B1%D9%8A%D8%AC-%D8%A7%D9%84%D8%AC%D8%B2%D8%A7%D8%A6%D8%B1-d56688464
Volkswagen T-Roc 2026 R-Line,Prix non affiché,https://www.ouedkniss.com/%D8%B3%D9%8A%D8%A7%D8%B1%D8%A7%D8%AA-volkswagen-t-roc-2026-r-line-%D8%B0%D8%B1%D8%A7%D8%B9-%D8%A8%D9%86-%D8%AE%D8%AF%D8%A9-%D8%AA%D9%8A%D8%B2%D9%8A-%D9%88%D8%B2%D9%88-%D8%A7%D9%84%D8%AC%D8%B2%D8%A7%D8%A6%D8%B1-d56499833
Geely Coolray 2026 Full Options,510 مليون,https://www.ouedkniss.com/%D8%B3%D9%8A%D8%A7%D8%B1%D8%A7%D8%AA-geely-coolray-2026-full-options-%D8%B4%D8%B1%D8%A7%D9%82%D8%A9-%D8%A7%D9%84%D8%AC%D8%B2%D8%A7%D8%A6%D8%B1-d56648600
Volkswagen T-Roc 2026 Star Light Edition,Prix non affiché,https://www.ouedkniss.com/%D8%B3%D9%8A%D8%A7%D8%B1%D8%A7%D8%AA-volkswagen-t-roc-2026-star-light-edition-%D8%B4%D8%B1%D8%A7%D9%82%D8%A9-%D8%A7%D9%84%D8%AC%D8%B2%D8%A7%D8%A6%D8%B1-d55517743
DAEMO Benne Preneuse DMCB 800,Prix non affiché,https://www.ouedkniss.com/%D8%A2%D9%84%D8%A9-daemo-benne-preneuse-dmcb-800-%D8%A8%D8%A6%D8%B1-%D8%AA%D9%88%D8%AA%D8%A9-%D8%A7%D9%84%D8%AC%D8%B2%D8%A7%D8%A6%D8%B1-d39315789
Fiat 500 2023 Dolcevita Plus,1 مليون,https://www.ouedkniss.com/%D8%B3%D9%8A%D8%A7%D8%B1%D8%A7%D8%AA-fiat-500-2023-dolcevita-plus-%D8%A7%D9%84%D8%B1%D8%BA%D8%A7%D9%8A%D8%A9-%D8%A7%D9%84%D8%AC%D8%B2%D8%A7%D8%A6%D8%B1-d56499665
DFSK K07S 2026,220 مليون,https://www.ouedkniss.com/%D8%A7%D9%84%D8%B3%D9%8A%D8%A7%D8%B1%D8%A7%D8%AA-%D8%A7%D9%84%D9%86%D9%81%D8%B9%D9%8A%D8%A9-dfsk-k07s-2026-%D8%A8%D9%88%D9%85%D8%B1%D8%AF%D8%A7%D8%B3-%D8%A7%D9%84%D8%AC%D8%B2%D8%A7%D8%A6%D8%B1-d51119092
Kia X-Ceed 2022,410 مليون,https://www.ouedkniss.com/%D8%B3%D9%8A%D8%A7%D8%B1%D8%A7%D8%AA-kia-x-ceed-2022-%D8%A8%D8%A6%D8%B1-%D8%A7%D9%84%D8%AC%D9%8A%D8%B1-%D9%88%D9%87%D8%B1%D8%A7%D9%86-%D8%A7%D9%84%D8%AC%D8%B2%D8%A7%D8%A6%D8%B1-d56737418
MG5 GLOBAL LUXURY 2026,Prix non affiché,https://www.ouedkniss.com/%D8%B3%D9%8A%D8%A7%D8%B1%D8%A7%D8%AA-mg5-global-luxury-2026-%D8%B4%D8%B1%D8%A7%D9%82%D8%A9-%D8%A7%D9%84%D8%AC%D8%B2%D8%A7%D8%A6%D8%B1-d56623094
Citroen Berlingo 2026 XTR,Prix non affiché,https://www.ouedkniss.com/%D8%B3%D9%8A%D8%A7%D8%B1%D8%A7%D8%AA-citroen-berlingo-2026-xtr-%D8%B0%D8%B1%D8%A7%D8%B9-%D8%A8%D9%86-%D8%AE%D8%AF%D8%A9-%D8%AA%D9%8A%D8%B2%D9%8A-%D9%88%D8%B2%D9%88-%D8%A7%D9%84%D8%AC%D8%B2%D8%A7%D8%A6%D8%B1-d56560916
Audi Q5 2026 S Line Full Black,Prix non affiché,https://www.ouedkniss.com/%D8%B3%D9%8A%D8%A7%D8%B1%D8%A7%D8%AA-audi-q5-2026-s-line-full-black-%D8%A8%D8%A7%D8%A8-%D8%A7%D9%84%D8%B2%D9%88%D8%A7%D8%B1-%D8%A7%D9%84%D8%AC%D8%B2%D8%A7%D8%A6%D8%B1-d49823057
Volkswagen T-Roc 2026 R Line Pack Chrome,Prix non affiché,https://www.ouedkniss.com/%D8%B3%D9%8A%D8%A7%D8%B1%D8%A7%D8%AA-volkswagen-t-roc-2026-r-line-pack-chrome-%D8%A8%D8%A7%D8%A8-%D8%A7%D9%84%D8%B2%D9%88%D8%A7%D8%B1-%D8%A7%D9%84%D8%AC%D8%B2%D8%A7%D8%A6%D8%B1-d54871490
Volkswagen Golf 8 2021 GTE,680 مليون,https://www.ouedkniss.com/%D8%B3%D9%8A%D8%A7%D8%B1%D8%A7%D8%AA-volkswagen-golf-8-2021-gte-%D8%B3%D8%B9%D9%8A%D8%AF%D8%A9-%D8%A7%D9%84%D8%AC%D8%B2%D8%A7%D8%A6%D8%B1-d56737664
Geely Coolray 2026 Battle,Prix non affiché,https://www.ouedkniss.com/%D8%B3%D9%8A%D8%A7%D8%B1%D8%A7%D8%AA-geely-coolray-2026-battle-%D8%A7%D9%84%D8%A8%D9%84%D9%8A%D8%AF%D8%A9-%D8%A7%D9%84%D8%AC%D8%B2%D8%A7%D8%A6%D8%B1-d56755394
Volkswagen Golf 8 2021 GTE,680 مليون,https://www.ouedkniss.com/%D8%B3%D9%8A%D8%A7%D8%B1%D8%A7%D8%AA-volkswagen-golf-8-2021-gte-%D8%B3%D8%B9%D9%8A%D8%AF%D8%A9-%D8%A7%D9%84%D8%AC%D8%B2%D8%A7%D8%A6%D8%B1-d56737664
Toyota Hilux 2026 GR,1 695 مليون,https://www.ouedkniss.com/%D8%B3%D9%8A%D8%A7%D8%B1%D8%A7%D8%AA-toyota-hilux-2026-gr-%D8%B3%D8%B7%D9%8A%D9%81-%D8%A7%D9%84%D8%AC%D8%B2%D8%A7%D8%A6%D8%B1-d56679665
Citroen Berlingo 2025,Prix non affiché,https://www.ouedkniss.com/%D8%B3%D9%8A%D8%A7%D8%B1%D8%A7%D8%AA-citroen-berlingo-2025-%D8%B0%D8%B1%D8%A7%D8%B9-%D8%A8%D9%86-%D8%AE%D8%AF%D8%A9-%D8%AA%D9%8A%D8%B2%D9%8A-%D9%88%D8%B2%D9%88-%D8%A7%D9%84%D8%AC%D8%B2%D8%A7%D8%A6%D8%B1-d54399746
Geely Coolray 2026 Battle,523 مليون,https://www.ouedkniss.com/%D8%B3%D9%8A%D8%A7%D8%B1%D8%A7%D8%AA-geely-coolray-2026-battle-%D8%A8%D8%A7%D8%AA%D9%86%D8%A9-%D8%A7%D9%84%D8%AC%D8%B2%D8%A7%D8%A6%D8%B1-d56770640
Jetour X90plus 2025,700 مليون,https://www.ouedkniss.com/%D8%B3%D9%8A%D8%A7%D8%B1%D8%A7%D8%AA-jetour-x90plus-2025-%D8%AA%D8%A8%D8%B3%D8%A9-%D8%A7%D9%84%D8%AC%D8%B2%D8%A7%D8%A6%D8%B1-d55995178
Volkswagen T-Roc 2026 R Line Pack Chrome,Prix non affiché,https://www.ouedkniss.com/%D8%B3%D9%8A%D8%A7%D8%B1%D8%A7%D8%AA-volkswagen-t-roc-2026-r-line-pack-chrome-%D8%A8%D8%A7%D8%A8-%D8%A7%D9%84%D8%B2%D9%88%D8%A7%D8%B1-%D8%A7%D9%84%D8%AC%D8%B2%D8%A7%D8%A6%D8%B1-d54871490
Geely GX3 PRO 2026 International Avec Toit,363 مليون,https://www.ouedkniss.com/%D8%B3%D9%8A%D8%A7%D8%B1%D8%A7%D8%AA-geely-gx3-pro-2026-international-avec-toit-%D8%B9%D9%8A%D9%86-%D9%88%D8%B3%D8%A7%D8%B1%D8%A9-%D8%A8%D9%88%D8%BA%D8%B2%D9%88%D9%84-%D8%A7%D9%84%D8%AC%D9%84%D9%81%D8%A9-%D8%A7%D9%84%D8%AC%D8%B2%D8%A7%D8%A6%D8%B1-d56755703
Toyota Hilux 2026 GR,1 695 مليون,https://www.ouedkniss.com/%D8%B3%D9%8A%D8%A7%D8%B1%D8%A7%D8%AA-toyota-hilux-2026-gr-%D8%B3%D8%B7%D9%8A%D9%81-%D8%A7%D9%84%D8%AC%D8%B2%D8%A7%D8%A6%D8%B1-d56679665
Roewe I5 Automatique 2026 Top Version (Boite Auto/ Toit Ouvrant),289 مليون,https://www.ouedkniss.com/%D8%B3%D9%8A%D8%A7%D8%B1%D8%A7%D8%AA-roewe-i5-automatique-2026-top-version-boite-auto-toit-ouvrant-%D8%B4%D8%B1%D8%A7%D9%82%D8%A9-%D8%A7%D9%84%D8%AC%D8%B2%D8%A7%D8%A6%D8%B1-d55793998
Shangan X5 Plus 2026 Flagship,Prix non affiché,https://www.ouedkniss.com/%D8%B3%D9%8A%D8%A7%D8%B1%D8%A7%D8%AA-shangan-x5-plus-2026-flagship-%D8%A8%D8%A7%D8%A8-%D8%A7%D9%84%D8%B2%D9%88%D8%A7%D8%B1-%D8%A7%D9%84%D8%AC%D8%B2%D8%A7%D8%A6%D8%B1-d56459266
Kia KX1 2026 Full Options,Prix non affiché,https://www.ouedkniss.com/%D8%B3%D9%8A%D8%A7%D8%B1%D8%A7%D8%AA-kia-kx1-2026-full-options-%D8%B4%D8%B1%D8%A7%D9%82%D8%A9-%D8%A7%D9%84%D8%AC%D8%B2%D8%A7%D8%A6%D8%B1-d56688920
Geely Starray 2026 Full Options,710 مليون,https://www.ouedkniss.com/%D8%B3%D9%8A%D8%A7%D8%B1%D8%A7%D8%AA-geely-starray-2026-full-options-%D8%A8%D8%A7%D8%A8-%D8%A7%D9%84%D8%B2%D9%88%D8%A7%D8%B1-%D8%A7%D9%84%D8%AC%D8%B2%D8%A7%D8%A6%D8%B1-d56697260
DFSK K01S 2025,185 مليون,https://www.ouedkniss.com/%D8%A7%D9%84%D8%B3%D9%8A%D8%A7%D8%B1%D8%A7%D8%AA-%D8%A7%D9%84%D9%86%D9%81%D8%B9%D9%8A%D8%A9-dfsk-k01s-2025-%D8%A8%D9%88%D9%85%D8%B1%D8%AF%D8%A7%D8%B3-%D8%A7%D9%84%D8%AC%D8%B2%D8%A7%D8%A6%D8%B1-d51116110
