Title,Price,Link,Price_Millions,Year,Brand,Anomaly
Geely Coolray 2026 Battle,523 مليون,https://www.ouedkniss.com/%D8%B3%D9%8A%D8%A7%D8%B1%D8%A7%D8%AA-geely-coolray-2026-battle-%D8%A8%D8%A7%D8%AA%D9%86%D8%A9-%D8%A7%D9%84%D8%AC%D8%B2%D8%A7%D8%A6%D8%B1-d56770640,523,2026,Geely,1
Volkswagen Golf 7 2015 GTD,480 مليون,https://www.ouedkniss.com/%D8%B3%D9%8A%D8%A7%D8%B1%D8%A7%D8%AA-volkswagen-golf-7-2015-gtd-%D8%AA%D9%84%D9%85%D8%B3%D8%A7%D9%86-%D8%A7%D9%84%D8%AC%D8%B2%D8%A7%D8%A6%D8%B1-d56529071,480,2015,Volkswagen,-1
Geely Starray 2026 Full Options,710 مليون,https://www.ouedkniss.com/%D8%B3%D9%8A%D8%A7%D8%B1%D8%A7%D8%AA-geely-starray-2026-full-options-%D8%A8%D8%A7%D8%A8-%D8%A7%D9%84%D8%B2%D9%88%D8%A7%D8%B1-%D8%A7%D9%84%D8%AC%D8%B2%D8%A7%D8%A6%D8%B1-d56697260,710,2026,Geely,1
Skoda Kamiq 2025 Gt,515 مليون,https://www.ouedkniss.com/%D8%B3%D9%8A%D8%A7%D8%B1%D8%A7%D8%AA-skoda-kamiq-2025-gt-%D8%AF%D8%B1%D8%A7%D8%B1%D9%8A%D8%A9-%D8%A7%D9%84%D8%AC%D8%B2%D8%A7%D8%A6%D8%B1-d55324873,515,2025,Skoda,1
Kia X-Ceed 2022,410 مليون,https://www.ouedkniss.com/%D8%B3%D9%8A%D8%A7%D8%B1%D8%A7%D8%AA-kia-x-ceed-2022-%D8%A8%D8%A6%D8%B1-%D8%A7%D9%84%D8%AC%D9%8A%D8%B1-%D9%88%D9%87%D8%B1%D8%A7%D9%86-%D8%A7%D9%84%D8%AC%D8%B2%D8%A7%D8%A6%D8%B1-d56737418,410,2022,Kia,1
Volkswagen Lavida 2026 XR Full Options,478 مليون,https://www.ouedkniss.com/%D8%B3%D9%8A%D8%A7%D8%B1%D8%A7%D8%AA-volkswagen-lavida-2026-xr-full-options-%D8%AC%D9%8A%D8%AC%D9%84-%D8%A7%D9%84%D8%AC%D8%B2%D8%A7%D8%A6%D8%B1-d54911794,478,2026,Volkswagen,1
Geely Coolray 2026 Full Option,510 مليون,https://www.ouedkniss.com/%D8%B3%D9%8A%D8%A7%D8%B1%D8%A7%D8%AA-geely-coolray-2026-full-option-%D8%A8%D8%B1%D8%AC-%D8%A8%D9%88%D8%B9%D8%B1%D9%8A%D8%B1%D9%8A%D8%AC-%D8%A7%D9%84%D8%AC%D8%B2%D8%A7%D8%A6%D8%B1-d50834698,510,2026,Geely,1
Yamaha Xmax 300 2020,138 مليون,https://www.ouedkniss.com/%D8%AF%D8%B1%D8%A7%D8%AC%D8%A7%D8%AA-%D9%86%D8%A7%D8%B1%D9%8A%D8%A9-%D9%88%D8%B3%D9%83%D9%88%D8%AA%D8%B1%D8%A7%D8%AA-yamaha-xmax-300-2020-%D8%B4%D8%B1%D8%A7%D9%82%D8%A9-%D8%A7%D9%84%D8%AC%D8%B2%D8%A7%D8%A6%D8%B1-d56741537,138,2020,Yamaha,1
Renault Taliant 2025,415 مليون,https://www.ouedkniss.com/%D8%B3%D9%8A%D8%A7%D8%B1%D8%A7%D8%AA-renault-taliant-2025-%D8%B4%D8%B1%D8%A7%D9%82%D8%A9-%D8%A7%D9%84%D8%AC%D8%B2%D8%A7%D8%A6%D8%B1-d56732939,415,2025,Renault,1
Nissan Juke 2019 Acenta,390 مليون,https://www.ouedkniss.com/%D8%B3%D9%8A%D8%A7%D8%B1%D8%A7%D8%AA-nissan-juke-2019-acenta-%D8%AA%D8%A8%D8%B3%D8%A9-%D8%A7%D9%84%D8%AC%D8%B2%D8%A7%D8%A6%D8%B1-d55423360,390,2019,Nissan,1
Geely Coolray 2026,515 مليون,https://www.ouedkniss.com/%D8%B3%D9%8A%D8%A7%D8%B1%D8%A7%D8%AA-geely-coolray-2026-%D8%B3%D8%B7%D9%8A%D9%81-%D8%A7%D9%84%D8%AC%D8%B2%D8%A7%D8%A6%D8%B1-d56556371,515,2026,Geely,1
Skoda Kamiq 2026 GT,525 مليون,https://www.ouedkniss.com/%D8%B3%D9%8A%D8%A7%D8%B1%D8%A7%D8%AA-skoda-kamiq-2026-gt-%D8%A7%D9%84%D9%85%D9%8A%D9%84%D9%8A%D8%A9-%D8%AC%D9%8A%D8%AC%D9%84-%D8%A7%D9%84%D8%AC%D8%B2%D8%A7%D8%A6%D8%B1-d55346410,525,2026,Skoda,1
Geely Coolray 2026 Full Options,1 مليون,https://www.ouedkniss.com/%D8%B3%D9%8A%D8%A7%D8%B1%D8%A7%D8%AA-geely-coolray-2026-full-options-%D9%82%D8%B3%D9%86%D8%B7%D9%8A%D9%86%D8%A9-%D8%A7%D9%84%D8%AC%D8%B2%D8%A7%D8%A6%D8%B1-d56745269,1,2026,Geely,1
Kia Kx1 2026,295 مليون,https://www.ouedkniss.com/%D8%B3%D9%8A%D8%A7%D8%B1%D8%A7%D8%AA-kia-kx1-2026-%D8%B4%D8%B1%D8%A7%D9%82%D8%A9-%D8%A7%D9%84%D8%AC%D8%B2%D8%A7%D8%A6%D8%B1-d53607965,295,2026,Kia,1
Renault Clio 5 2025 Evolution,465 مليون,https://www.ouedkniss.com/%D8%B3%D9%8A%D8%A7%D8%B1%D8%A7%D8%AA-renault-clio-5-2025-evolution-%D8%AA%D9%84%D9%85%D8%B3%D8%A7%D9%86-%D8%A7%D9%84%D8%AC%D8%B2%D8%A7%D8%A6%D8%B1-d56719730,465,2025,Renault,1
Jetour X90plus 2025,700 مليون,https://www.ouedkniss.com/%D8%B3%D9%8A%D8%A7%D8%B1%D8%A7%D8%AA-jetour-x90plus-2025-%D8%AA%D8%A8%D8%B3%D8%A9-%D8%A7%D9%84%D8%AC%D8%B2%D8%A7%D8%A6%D8%B1-d55995178,700,2025,Jetour,1
Livan X3 Pro 2026 Automatique (Avec Toi Ouvrant ),365 مليون,https://www.ouedkniss.com/%D8%B3%D9%8A%D8%A7%D8%B1%D8%A7%D8%AA-livan-x3-pro-2026-automatique-avec-toi-ouvrant-%D8%A7%D9%84%D8%A8%D9%84%D9%8A%D8%AF%D8%A9-%D8%A7%D9%84%D8%AC%D8%B2%D8%A7%D8%A6%D8%B1-d56707286,365,2026,Livan,1
DFSK K07S 2026,220 مليون,https://www.ouedkniss.com/%D8%A7%D9%84%D8%B3%D9%8A%D8%A7%D8%B1%D8%A7%D8%AA-%D8%A7%D9%84%D9%86%D9%81%D8%B9%D9%8A%D8%A9-dfsk-k07s-2026-%D8%A8%D9%88%D9%85%D8%B1%D8%AF%D8%A7%D8%B3-%D8%A7%D9%84%D8%AC%D8%B2%D8%A7%D8%A6%D8%B1-d51119092,220,2026,DFSK,1
DFSK K01S 2025,185 مليون,https://www.ouedkniss.com/%D8%A7%D9%84%D8%B3%D9%8A%D8%A7%D8%B1%D8%A7%D8%AA-%D8%A7%D9%84%D9%86%D9%81%D8%B9%D9%8A%D8%A9-dfsk-k01s-2025-%D8%A8%D9%88%D9%85%D8%B1%D8%AF%D8%A7%D8%B3-%D8%A7%D9%84%D8%AC%D8%B2%D8%A7%D8%A6%D8%B1-d51116110,185,2025,DFSK,1
Geely Coolray 2026 Tout Option,515 مليون,https://www.ouedkniss.com/%D8%B3%D9%8A%D8%A7%D8%B1%D8%A7%D8%AA-geely-coolray-2026-tout-option-%D9%82%D8%B3%D9%86%D8%B7%D9%8A%D9%86%D8%A9-%D8%A7%D9%84%D8%AC%D8%B2%D8%A7%D8%A6%D8%B1-d54221363,515,2026,Geely,1
Volkswagen Golf 8 2021 GTE,680 مليون,https://www.ouedkniss.com/%D8%B3%D9%8A%D8%A7%D8%B1%D8%A7%D8%AA-volkswagen-golf-8-2021-gte-%D8%B3%D8%B9%D9%8A%D8%AF%D8%A9-%D8%A7%D9%84%D8%AC%D8%B2%D8%A7%D8%A6%D8%B1-d56737664,680,2021,Volkswagen,1
Toyota Hilux 2026 GR,1 695 مليون,https://www.ouedkniss.com/%D8%B3%D9%8A%D8%A7%D8%B1%D8%A7%D8%AA-toyota-hilux-2026-gr-%D8%B3%D8%B7%D9%8A%D9%81-%D8%A7%D9%84%D8%AC%D8%B2%D8%A7%D8%A6%D8%B1-d56679665,1695,2026,Toyota,-1
Dongfeng Fengshen 2025 Gs,470 مليون,https://www.ouedkniss.com/%D8%B3%D9%8A%D8%A7%D8%B1%D8%A7%D8%AA-dongfeng-fengshen-2025-gs-%D9%88%D9%87%D8%B1%D8%A7%D9%86-%D8%A7%D9%84%D8%AC%D8%B2%D8%A7%D8%A6%D8%B1-d56783789,470,2025,Dongfeng,1
Jetour Dashing 2026 Luxury,1 مليون,https://www.ouedkniss.com/%D8%B3%D9%8A%D8%A7%D8%B1%D8%A7%D8%AA-jetour-dashing-2026-luxury-%D8%A7%D9%84%D8%B9%D9%84%D9%85%D8%A9-%D8%B3%D8%B7%D9%8A%D9%81-%D8%A7%D9%84%D8%AC%D8%B2%D8%A7%D8%A6%D8%B1-d56846516,1,2026,Jetour,1
Geely Coolray 2026 Full Options,510 مليون,https://www.ouedkniss.com/%D8%B3%D9%8A%D8%A7%D8%B1%D8%A7%D8%AA-geely-coolray-2026-full-options-%D8%B4%D8%B1%D8%A7%D9%82%D8%A9-%D8%A7%D9%84%D8%AC%D8%B2%D8%A7%D8%A6%D8%B1-d56648600,510,2026,Geely,1
Volkswagen Tiguan L 2026,830 مليون,https://www.ouedkniss.com/%D8%B3%D9%8A%D8%A7%D8%B1%D8%A7%D8%AA-volkswagen-tiguan-l-2026-%D8%A8%D8%B1%D8%A7%D9%82%D9%8A-%D8%A7%D9%84%D8%AC%D8%B2%D8%A7%D8%A6%D8%B1-d55913584,830,2026,Volkswagen,1
Kaiyi X3 Pro 2026 Luxury,382 مليون,https://www.ouedkniss.com/%D8%B3%D9%8A%D8%A7%D8%B1%D8%A7%D8%AA-kaiyi-x3-pro-2026-luxury-%D8%B3%D8%B7%D9%8A%D9%81-%D8%A7%D9%84%D8%AC%D8%B2%D8%A7%D8%A6%D8%B1-d55319959,382,2026,Kaiyi,1
Geely GX3 PRO 2026 International Avec Toit,363 مليون,https://www.ouedkniss.com/%D8%B3%D9%8A%D8%A7%D8%B1%D8%A7%D8%AA-geely-gx3-pro-2026-international-avec-toit-%D8%B9%D9%8A%D9%86-%D9%88%D8%B3%D8%A7%D8%B1%D8%A9-%D8%A8%D9%88%D8%BA%D8%B2%D9%88%D9%84-%D8%A7%D9%84%D8%AC%D9%84%D9%81%D8%A9-%D8%A7%D9%84%D8%AC%D8%B2%D8%A7%D8%A6%D8%B1-d56755703,363,2026,Geely,1
Volkswagen Tharu XR 2026,555 مليون,https://www.ouedkniss.com/%D8%B3%D9%8A%D8%A7%D8%B1%D8%A7%D8%AA-volkswagen-tharu-xr-2026-%D8%A7%D9%84%D9%82%D9%84%D9%8A%D8%B9%D8%A9-%D8%AA%D9%8A%D8%A8%D8%A7%D8%B2%D8%A9-%D8%A7%D9%84%D8%AC%D8%B2%D8%A7%D8%A6%D8%B1-d55986412,555,2026,Volkswagen,1
BMW Gs F750 2019,240 مليون,https://www.ouedkniss.com/%D8%AF%D8%B1%D8%A7%D8%AC%D8%A7%D8%AA-%D9%86%D8%A7%D8%B1%D9%8A%D8%A9-%D9%88%D8%B3%D9%83%D9%88%D8%AA%D8%B1%D8%A7%D8%AA-bmw-gs-f750-2019-%D8%A7%D9%84%D8%B9%D8%A7%D8%B4%D9%88%D8%B1-%D8%A7%D9%84%D8%AC%D8%B2%D8%A7%D8%A6%D8%B1-d56357500,240,2019,BMW,1
Fiat 500 2023 Dolcevita Plus,1 مليون,https://www.ouedkniss.com/%D8%B3%D9%8A%D8%A7%D8%B1%D8%A7%D8%AA-fiat-500-2023-dolcevita-plus-%D8%A7%D9%84%D8%B1%D8%BA%D8%A7%D9%8A%D8%A9-%D8%A7%D9%84%D8%AC%D8%B2%D8%A7%D8%A6%D8%B1-d56499665,1,2023,Fiat,-1
